2025-04-28T09:45:38.784+05:30  INFO 19780 --- [currency-service] [restartedMain] [                                                 ] c.l.currency.CurrencyServiceApplication  : Starting CurrencyServiceApplication using Java 21.0.6 with PID 19780 (D:\SpringMicroservices\currency-service\target\classes started by gopic in D:\SpringMicroservices\currency-service)
2025-04-28T09:45:38.798+05:30  INFO 19780 --- [currency-service] [restartedMain] [                                                 ] c.l.currency.CurrencyServiceApplication  : The following 1 profile is active: "dev"
2025-04-28T09:45:38.904+05:30  INFO 19780 --- [currency-service] [restartedMain] [                                                 ] o.s.c.c.c.ConfigServerConfigDataLoader   : Fetching config from server at : http://localhost:8888
2025-04-28T09:45:38.906+05:30  INFO 19780 --- [currency-service] [restartedMain] [                                                 ] o.s.c.c.c.ConfigServerConfigDataLoader   : Exception on Url - http://localhost:8888:org.springframework.web.client.ResourceAccessException: I/O error on GET request for "http://localhost:8888/currency-service/default": Connection refused: getsockopt. Will be trying the next url if available
2025-04-28T09:45:38.907+05:30  WARN 19780 --- [currency-service] [restartedMain] [                                                 ] o.s.c.c.c.ConfigServerConfigDataLoader   : Could not locate PropertySource ([ConfigServerConfigDataResource@806c438 uris = array<String>['http://localhost:8888'], optional = true, profiles = 'default']): I/O error on GET request for "http://localhost:8888/currency-service/default": Connection refused: getsockopt
2025-04-28T09:45:38.907+05:30  INFO 19780 --- [currency-service] [restartedMain] [                                                 ] o.s.c.c.c.ConfigServerConfigDataLoader   : Fetching config from server at : http://localhost:8888
2025-04-28T09:45:38.908+05:30  INFO 19780 --- [currency-service] [restartedMain] [                                                 ] o.s.c.c.c.ConfigServerConfigDataLoader   : Exception on Url - http://localhost:8888:org.springframework.web.client.ResourceAccessException: I/O error on GET request for "http://localhost:8888/currency-service/dev": Connection refused: getsockopt. Will be trying the next url if available
2025-04-28T09:45:38.908+05:30  WARN 19780 --- [currency-service] [restartedMain] [                                                 ] o.s.c.c.c.ConfigServerConfigDataLoader   : Could not locate PropertySource ([ConfigServerConfigDataResource@8281385 uris = array<String>['http://localhost:8888'], optional = true, profiles = 'dev']): I/O error on GET request for "http://localhost:8888/currency-service/dev": Connection refused: getsockopt
2025-04-28T09:45:38.908+05:30  INFO 19780 --- [currency-service] [restartedMain] [                                                 ] o.s.c.c.c.ConfigServerConfigDataLoader   : Fetching config from server at : http://localhost:8888
2025-04-28T09:45:38.908+05:30  INFO 19780 --- [currency-service] [restartedMain] [                                                 ] o.s.c.c.c.ConfigServerConfigDataLoader   : Exception on Url - http://localhost:8888:org.springframework.web.client.ResourceAccessException: I/O error on GET request for "http://localhost:8888/currency-service/default": Connection refused: getsockopt. Will be trying the next url if available
2025-04-28T09:45:38.909+05:30  WARN 19780 --- [currency-service] [restartedMain] [                                                 ] o.s.c.c.c.ConfigServerConfigDataLoader   : Could not locate PropertySource ([ConfigServerConfigDataResource@50de77cf uris = array<String>['http://localhost:8888'], optional = true, profiles = 'default']): I/O error on GET request for "http://localhost:8888/currency-service/default": Connection refused: getsockopt
2025-04-28T09:45:38.913+05:30  INFO 19780 --- [currency-service] [restartedMain] [                                                 ] .e.DevToolsPropertyDefaultsPostProcessor : Devtools property defaults active! Set 'spring.devtools.add-properties' to 'false' to disable
2025-04-28T09:45:38.915+05:30  INFO 19780 --- [currency-service] [restartedMain] [                                                 ] .e.DevToolsPropertyDefaultsPostProcessor : For additional web related logging consider setting the 'logging.level.web' property to 'DEBUG'
2025-04-28T09:45:42.278+05:30  INFO 19780 --- [currency-service] [restartedMain] [                                                 ] .s.d.r.c.RepositoryConfigurationDelegate : Bootstrapping Spring Data JPA repositories in DEFAULT mode.
2025-04-28T09:45:42.609+05:30  INFO 19780 --- [currency-service] [restartedMain] [                                                 ] .s.d.r.c.RepositoryConfigurationDelegate : Finished Spring Data repository scanning in 308 ms. Found 1 JPA repository interface.
2025-04-28T09:45:43.516+05:30  INFO 19780 --- [currency-service] [restartedMain] [                                                 ] o.s.cloud.context.scope.GenericScope     : BeanFactory id=b924e2c1-debd-3c8e-bbc3-af28f663261a
2025-04-28T09:45:45.257+05:30  INFO 19780 --- [currency-service] [restartedMain] [                                                 ] o.s.b.w.embedded.tomcat.TomcatWebServer  : Tomcat initialized with port 8085 (http)
2025-04-28T09:45:45.277+05:30  INFO 19780 --- [currency-service] [restartedMain] [                                                 ] o.apache.catalina.core.StandardService   : Starting service [Tomcat]
2025-04-28T09:45:45.277+05:30  INFO 19780 --- [currency-service] [restartedMain] [                                                 ] o.apache.catalina.core.StandardEngine    : Starting Servlet engine: [Apache Tomcat/10.1.39]
2025-04-28T09:45:45.373+05:30  INFO 19780 --- [currency-service] [restartedMain] [                                                 ] o.a.c.c.C.[Tomcat].[localhost].[/]       : Initializing Spring embedded WebApplicationContext
2025-04-28T09:45:45.374+05:30  INFO 19780 --- [currency-service] [restartedMain] [                                                 ] w.s.c.ServletWebServerApplicationContext : Root WebApplicationContext: initialization completed in 6456 ms
2025-04-28T09:45:46.659+05:30  INFO 19780 --- [currency-service] [restartedMain] [                                                 ] com.zaxxer.hikari.HikariDataSource       : HikariPool-1 - Starting...
2025-04-28T09:45:47.058+05:30  INFO 19780 --- [currency-service] [restartedMain] [                                                 ] com.zaxxer.hikari.pool.HikariPool        : HikariPool-1 - Added connection conn0: url=jdbc:h2:mem:ae6f0823-c1e7-4a91-affc-2264450519a0 user=SA
2025-04-28T09:45:47.060+05:30  INFO 19780 --- [currency-service] [restartedMain] [                                                 ] com.zaxxer.hikari.HikariDataSource       : HikariPool-1 - Start completed.
2025-04-28T09:45:47.154+05:30  INFO 19780 --- [currency-service] [restartedMain] [                                                 ] o.hibernate.jpa.internal.util.LogHelper  : HHH000204: Processing PersistenceUnitInfo [name: default]
2025-04-28T09:45:47.286+05:30  INFO 19780 --- [currency-service] [restartedMain] [                                                 ] org.hibernate.Version                    : HHH000412: Hibernate ORM core version 6.6.11.Final
2025-04-28T09:45:47.354+05:30  INFO 19780 --- [currency-service] [restartedMain] [                                                 ] o.h.c.internal.RegionFactoryInitiator    : HHH000026: Second-level cache disabled
2025-04-28T09:45:47.916+05:30  INFO 19780 --- [currency-service] [restartedMain] [                                                 ] o.s.o.j.p.SpringPersistenceUnitInfo      : No LoadTimeWeaver setup: ignoring JPA class transformer
2025-04-28T09:45:48.078+05:30  INFO 19780 --- [currency-service] [restartedMain] [                                                 ] org.hibernate.orm.connections.pooling    : HHH10001005: Database info:
	Database JDBC URL [Connecting through datasource 'HikariDataSource (HikariPool-1)']
	Database driver: undefined/unknown
	Database version: 2.3.232
	Autocommit mode: undefined/unknown
	Isolation level: undefined/unknown
	Minimum pool size: undefined/unknown
	Maximum pool size: undefined/unknown
2025-04-28T09:45:49.174+05:30  INFO 19780 --- [currency-service] [restartedMain] [                                                 ] o.h.e.t.j.p.i.JtaPlatformInitiator       : HHH000489: No JTA platform available (set 'hibernate.transaction.jta.platform' to enable JTA platform integration)
2025-04-28T09:45:49.229+05:30  INFO 19780 --- [currency-service] [restartedMain] [                                                 ] j.LocalContainerEntityManagerFactoryBean : Initialized JPA EntityManagerFactory for persistence unit 'default'
2025-04-28T09:45:49.905+05:30  WARN 19780 --- [currency-service] [restartedMain] [                                                 ] JpaBaseConfiguration$JpaWebConfiguration : spring.jpa.open-in-view is enabled by default. Therefore, database queries may be performed during view rendering. Explicitly configure spring.jpa.open-in-view to disable this warning
2025-04-28T09:45:50.112+05:30  WARN 19780 --- [currency-service] [restartedMain] [                                                 ] o.s.b.d.a.OptionalLiveReloadServer       : Unable to start LiveReload server
2025-04-28T09:45:50.215+05:30  INFO 19780 --- [currency-service] [restartedMain] [                                                 ] o.s.c.openfeign.FeignClientFactoryBean   : For 'currency-exchange' URL not provided. Will try picking an instance via load-balancing.
2025-04-28T09:45:50.529+05:30  WARN 19780 --- [currency-service] [restartedMain] [                                                 ] ConfigServletWebServerApplicationContext : Exception encountered during context initialization - cancelling refresh attempt: org.springframework.beans.factory.BeanCreationException: Error creating bean with name 'currencyController': Injection of autowired dependencies failed
2025-04-28T09:45:50.532+05:30  WARN 19780 --- [currency-service] [restartedMain] [                                                 ] s.c.a.AnnotationConfigApplicationContext : Exception thrown from ApplicationListener handling ContextClosedEvent

org.springframework.beans.factory.BeanCreationNotAllowedException: Error creating bean with name 'applicationTaskExecutor': Singleton bean creation not allowed while singletons of this factory are in destruction (Do not request a bean from a BeanFactory in a destroy method implementation!)
	at org.springframework.beans.factory.support.DefaultSingletonBeanRegistry.getSingleton(DefaultSingletonBeanRegistry.java:292) ~[spring-beans-6.2.5.jar:6.2.5]
	at org.springframework.beans.factory.support.AbstractBeanFactory.doGetBean(AbstractBeanFactory.java:337) ~[spring-beans-6.2.5.jar:6.2.5]
	at org.springframework.beans.factory.support.AbstractBeanFactory.getBean(AbstractBeanFactory.java:207) ~[spring-beans-6.2.5.jar:6.2.5]
	at org.springframework.context.event.AbstractApplicationEventMulticaster.retrieveApplicationListeners(AbstractApplicationEventMulticaster.java:267) ~[spring-context-6.2.5.jar:6.2.5]
	at org.springframework.context.event.AbstractApplicationEventMulticaster.getApplicationListeners(AbstractApplicationEventMulticaster.java:223) ~[spring-context-6.2.5.jar:6.2.5]
	at org.springframework.context.event.SimpleApplicationEventMulticaster.multicastEvent(SimpleApplicationEventMulticaster.java:145) ~[spring-context-6.2.5.jar:6.2.5]
	at org.springframework.context.support.AbstractApplicationContext.publishEvent(AbstractApplicationContext.java:454) ~[spring-context-6.2.5.jar:6.2.5]
	at org.springframework.context.support.AbstractApplicationContext.publishEvent(AbstractApplicationContext.java:460) ~[spring-context-6.2.5.jar:6.2.5]
	at org.springframework.context.support.AbstractApplicationContext.publishEvent(AbstractApplicationContext.java:387) ~[spring-context-6.2.5.jar:6.2.5]
	at org.springframework.context.support.AbstractApplicationContext.doClose(AbstractApplicationContext.java:1163) ~[spring-context-6.2.5.jar:6.2.5]
	at org.springframework.context.support.AbstractApplicationContext.close(AbstractApplicationContext.java:1126) ~[spring-context-6.2.5.jar:6.2.5]
	at org.springframework.cloud.context.named.NamedContextFactory.destroy(NamedContextFactory.java:114) ~[spring-cloud-context-4.2.1.jar:4.2.1]
	at org.springframework.beans.factory.support.DisposableBeanAdapter.destroy(DisposableBeanAdapter.java:211) ~[spring-beans-6.2.5.jar:6.2.5]
	at org.springframework.beans.factory.support.DefaultSingletonBeanRegistry.destroyBean(DefaultSingletonBeanRegistry.java:745) ~[spring-beans-6.2.5.jar:6.2.5]
	at org.springframework.beans.factory.support.DefaultSingletonBeanRegistry.destroySingleton(DefaultSingletonBeanRegistry.java:702) ~[spring-beans-6.2.5.jar:6.2.5]
	at org.springframework.beans.factory.support.DefaultListableBeanFactory.destroySingleton(DefaultListableBeanFactory.java:1401) ~[spring-beans-6.2.5.jar:6.2.5]
	at org.springframework.beans.factory.support.DefaultSingletonBeanRegistry.destroySingletons(DefaultSingletonBeanRegistry.java:661) ~[spring-beans-6.2.5.jar:6.2.5]
	at org.springframework.beans.factory.support.DefaultListableBeanFactory.destroySingletons(DefaultListableBeanFactory.java:1394) ~[spring-beans-6.2.5.jar:6.2.5]
	at org.springframework.context.support.AbstractApplicationContext.destroyBeans(AbstractApplicationContext.java:1219) ~[spring-context-6.2.5.jar:6.2.5]
	at org.springframework.context.support.AbstractApplicationContext.refresh(AbstractApplicationContext.java:640) ~[spring-context-6.2.5.jar:6.2.5]
	at org.springframework.boot.web.servlet.context.ServletWebServerApplicationContext.refresh(ServletWebServerApplicationContext.java:146) ~[spring-boot-3.4.4.jar:3.4.4]
	at org.springframework.boot.SpringApplication.refresh(SpringApplication.java:752) ~[spring-boot-3.4.4.jar:3.4.4]
	at org.springframework.boot.SpringApplication.refreshContext(SpringApplication.java:439) ~[spring-boot-3.4.4.jar:3.4.4]
	at org.springframework.boot.SpringApplication.run(SpringApplication.java:318) ~[spring-boot-3.4.4.jar:3.4.4]
	at org.springframework.boot.SpringApplication.run(SpringApplication.java:1361) ~[spring-boot-3.4.4.jar:3.4.4]
	at org.springframework.boot.SpringApplication.run(SpringApplication.java:1350) ~[spring-boot-3.4.4.jar:3.4.4]
	at com.lokesh.currency.CurrencyServiceApplication.main(CurrencyServiceApplication.java:13) ~[classes/:na]
	at java.base/jdk.internal.reflect.DirectMethodHandleAccessor.invoke(DirectMethodHandleAccessor.java:103) ~[na:na]
	at java.base/java.lang.reflect.Method.invoke(Method.java:580) ~[na:na]
	at org.springframework.boot.devtools.restart.RestartLauncher.run(RestartLauncher.java:50) ~[spring-boot-devtools-3.4.4.jar:3.4.4]

2025-04-28T09:45:50.538+05:30  INFO 19780 --- [currency-service] [restartedMain] [                                                 ] j.LocalContainerEntityManagerFactoryBean : Closing JPA EntityManagerFactory for persistence unit 'default'
2025-04-28T09:45:50.550+05:30  WARN 19780 --- [currency-service] [restartedMain] [                                                 ] o.s.b.f.support.DisposableBeanAdapter    : Invocation of destroy method failed on bean with name 'inMemoryDatabaseShutdownExecutor': org.h2.jdbc.JdbcSQLNonTransientConnectionException: Database is already closed (to disable automatic closing at VM shutdown, add ";DB_CLOSE_ON_EXIT=FALSE" to the db URL) [90121-232]
2025-04-28T09:45:50.551+05:30  INFO 19780 --- [currency-service] [restartedMain] [                                                 ] com.zaxxer.hikari.HikariDataSource       : HikariPool-1 - Shutdown initiated...
2025-04-28T09:45:50.554+05:30  INFO 19780 --- [currency-service] [restartedMain] [                                                 ] com.zaxxer.hikari.HikariDataSource       : HikariPool-1 - Shutdown completed.
2025-04-28T09:45:51.568+05:30  WARN 19780 --- [currency-service] [restartedMain] [                                                 ] z.r.i.AsyncReporter$BoundedAsyncReporter : Timed out waiting for in-flight spans to send
2025-04-28T09:45:51.575+05:30  INFO 19780 --- [currency-service] [restartedMain] [                                                 ] o.apache.catalina.core.StandardService   : Stopping service [Tomcat]
2025-04-28T09:45:51.614+05:30  INFO 19780 --- [currency-service] [restartedMain] [                                                 ] .s.b.a.l.ConditionEvaluationReportLogger : 

Error starting ApplicationContext. To display the condition evaluation report re-run your application with 'debug' enabled.
2025-04-28T09:45:51.664+05:30 ERROR 19780 --- [currency-service] [restartedMain] [                                                 ] o.s.boot.SpringApplication               : Application run failed

org.springframework.beans.factory.BeanCreationException: Error creating bean with name 'currencyController': Injection of autowired dependencies failed
	at org.springframework.beans.factory.annotation.AutowiredAnnotationBeanPostProcessor.postProcessProperties(AutowiredAnnotationBeanPostProcessor.java:515) ~[spring-beans-6.2.5.jar:6.2.5]
	at org.springframework.beans.factory.support.AbstractAutowireCapableBeanFactory.populateBean(AbstractAutowireCapableBeanFactory.java:1445) ~[spring-beans-6.2.5.jar:6.2.5]
	at org.springframework.beans.factory.support.AbstractAutowireCapableBeanFactory.doCreateBean(AbstractAutowireCapableBeanFactory.java:600) ~[spring-beans-6.2.5.jar:6.2.5]
	at org.springframework.beans.factory.support.AbstractAutowireCapableBeanFactory.createBean(AbstractAutowireCapableBeanFactory.java:523) ~[spring-beans-6.2.5.jar:6.2.5]
	at org.springframework.beans.factory.support.AbstractBeanFactory.lambda$doGetBean$0(AbstractBeanFactory.java:339) ~[spring-beans-6.2.5.jar:6.2.5]
	at org.springframework.beans.factory.support.DefaultSingletonBeanRegistry.getSingleton(DefaultSingletonBeanRegistry.java:347) ~[spring-beans-6.2.5.jar:6.2.5]
	at org.springframework.beans.factory.support.AbstractBeanFactory.doGetBean(AbstractBeanFactory.java:337) ~[spring-beans-6.2.5.jar:6.2.5]
	at org.springframework.beans.factory.support.AbstractBeanFactory.getBean(AbstractBeanFactory.java:202) ~[spring-beans-6.2.5.jar:6.2.5]
	at org.springframework.beans.factory.support.DefaultListableBeanFactory.instantiateSingleton(DefaultListableBeanFactory.java:1155) ~[spring-beans-6.2.5.jar:6.2.5]
	at org.springframework.beans.factory.support.DefaultListableBeanFactory.preInstantiateSingleton(DefaultListableBeanFactory.java:1121) ~[spring-beans-6.2.5.jar:6.2.5]
	at org.springframework.beans.factory.support.DefaultListableBeanFactory.preInstantiateSingletons(DefaultListableBeanFactory.java:1056) ~[spring-beans-6.2.5.jar:6.2.5]
	at org.springframework.context.support.AbstractApplicationContext.finishBeanFactoryInitialization(AbstractApplicationContext.java:987) ~[spring-context-6.2.5.jar:6.2.5]
	at org.springframework.context.support.AbstractApplicationContext.refresh(AbstractApplicationContext.java:627) ~[spring-context-6.2.5.jar:6.2.5]
	at org.springframework.boot.web.servlet.context.ServletWebServerApplicationContext.refresh(ServletWebServerApplicationContext.java:146) ~[spring-boot-3.4.4.jar:3.4.4]
	at org.springframework.boot.SpringApplication.refresh(SpringApplication.java:752) ~[spring-boot-3.4.4.jar:3.4.4]
	at org.springframework.boot.SpringApplication.refreshContext(SpringApplication.java:439) ~[spring-boot-3.4.4.jar:3.4.4]
	at org.springframework.boot.SpringApplication.run(SpringApplication.java:318) ~[spring-boot-3.4.4.jar:3.4.4]
	at org.springframework.boot.SpringApplication.run(SpringApplication.java:1361) ~[spring-boot-3.4.4.jar:3.4.4]
	at org.springframework.boot.SpringApplication.run(SpringApplication.java:1350) ~[spring-boot-3.4.4.jar:3.4.4]
	at com.lokesh.currency.CurrencyServiceApplication.main(CurrencyServiceApplication.java:13) ~[classes/:na]
	at java.base/jdk.internal.reflect.DirectMethodHandleAccessor.invoke(DirectMethodHandleAccessor.java:103) ~[na:na]
	at java.base/java.lang.reflect.Method.invoke(Method.java:580) ~[na:na]
	at org.springframework.boot.devtools.restart.RestartLauncher.run(RestartLauncher.java:50) ~[spring-boot-devtools-3.4.4.jar:3.4.4]
Caused by: org.springframework.util.PlaceholderResolutionException: Could not resolve placeholder 'my.custom.property' in value "${my.custom.property}"
	at org.springframework.util.PlaceholderResolutionException.withValue(PlaceholderResolutionException.java:81) ~[spring-core-6.2.5.jar:6.2.5]
	at org.springframework.util.PlaceholderParser$ParsedValue.resolve(PlaceholderParser.java:423) ~[spring-core-6.2.5.jar:6.2.5]
	at org.springframework.util.PlaceholderParser.replacePlaceholders(PlaceholderParser.java:128) ~[spring-core-6.2.5.jar:6.2.5]
	at org.springframework.util.PropertyPlaceholderHelper.parseStringValue(PropertyPlaceholderHelper.java:118) ~[spring-core-6.2.5.jar:6.2.5]
	at org.springframework.util.PropertyPlaceholderHelper.replacePlaceholders(PropertyPlaceholderHelper.java:114) ~[spring-core-6.2.5.jar:6.2.5]
	at org.springframework.core.env.AbstractPropertyResolver.doResolvePlaceholders(AbstractPropertyResolver.java:255) ~[spring-core-6.2.5.jar:6.2.5]
	at org.springframework.core.env.AbstractPropertyResolver.resolveRequiredPlaceholders(AbstractPropertyResolver.java:226) ~[spring-core-6.2.5.jar:6.2.5]
	at org.springframework.context.support.PropertySourcesPlaceholderConfigurer.lambda$processProperties$0(PropertySourcesPlaceholderConfigurer.java:201) ~[spring-context-6.2.5.jar:6.2.5]
	at org.springframework.beans.factory.support.AbstractBeanFactory.resolveEmbeddedValue(AbstractBeanFactory.java:971) ~[spring-beans-6.2.5.jar:6.2.5]
	at org.springframework.beans.factory.support.DefaultListableBeanFactory.doResolveDependency(DefaultListableBeanFactory.java:1577) ~[spring-beans-6.2.5.jar:6.2.5]
	at org.springframework.beans.factory.support.DefaultListableBeanFactory.resolveDependency(DefaultListableBeanFactory.java:1555) ~[spring-beans-6.2.5.jar:6.2.5]
	at org.springframework.beans.factory.annotation.AutowiredAnnotationBeanPostProcessor$AutowiredFieldElement.resolveFieldValue(AutowiredAnnotationBeanPostProcessor.java:785) ~[spring-beans-6.2.5.jar:6.2.5]
	at org.springframework.beans.factory.annotation.AutowiredAnnotationBeanPostProcessor$AutowiredFieldElement.inject(AutowiredAnnotationBeanPostProcessor.java:768) ~[spring-beans-6.2.5.jar:6.2.5]
	at org.springframework.beans.factory.annotation.InjectionMetadata.inject(InjectionMetadata.java:146) ~[spring-beans-6.2.5.jar:6.2.5]
	at org.springframework.beans.factory.annotation.AutowiredAnnotationBeanPostProcessor.postProcessProperties(AutowiredAnnotationBeanPostProcessor.java:509) ~[spring-beans-6.2.5.jar:6.2.5]
	... 22 common frames omitted

2025-04-28T09:47:40.082+05:30  INFO 19612 --- [currency-service] [restartedMain] [                                                 ] c.l.currency.CurrencyServiceApplication  : Starting CurrencyServiceApplication using Java 21.0.6 with PID 19612 (D:\SpringMicroservices\currency-service\target\classes started by gopic in D:\SpringMicroservices\currency-service)
2025-04-28T09:47:40.090+05:30  INFO 19612 --- [currency-service] [restartedMain] [                                                 ] c.l.currency.CurrencyServiceApplication  : The following 1 profile is active: "dev"
2025-04-28T09:47:40.207+05:30  INFO 19612 --- [currency-service] [restartedMain] [                                                 ] o.s.c.c.c.ConfigServerConfigDataLoader   : Fetching config from server at : http://localhost:8888
2025-04-28T09:47:40.207+05:30  INFO 19612 --- [currency-service] [restartedMain] [                                                 ] o.s.c.c.c.ConfigServerConfigDataLoader   : Exception on Url - http://localhost:8888:org.springframework.web.client.ResourceAccessException: I/O error on GET request for "http://localhost:8888/currency-service/default": Connection refused: getsockopt. Will be trying the next url if available
2025-04-28T09:47:40.208+05:30  WARN 19612 --- [currency-service] [restartedMain] [                                                 ] o.s.c.c.c.ConfigServerConfigDataLoader   : Could not locate PropertySource ([ConfigServerConfigDataResource@806c438 uris = array<String>['http://localhost:8888'], optional = true, profiles = 'default']): I/O error on GET request for "http://localhost:8888/currency-service/default": Connection refused: getsockopt
2025-04-28T09:47:40.208+05:30  INFO 19612 --- [currency-service] [restartedMain] [                                                 ] o.s.c.c.c.ConfigServerConfigDataLoader   : Fetching config from server at : http://localhost:8888
2025-04-28T09:47:40.209+05:30  INFO 19612 --- [currency-service] [restartedMain] [                                                 ] o.s.c.c.c.ConfigServerConfigDataLoader   : Exception on Url - http://localhost:8888:org.springframework.web.client.ResourceAccessException: I/O error on GET request for "http://localhost:8888/currency-service/dev": Connection refused: getsockopt. Will be trying the next url if available
2025-04-28T09:47:40.209+05:30  WARN 19612 --- [currency-service] [restartedMain] [                                                 ] o.s.c.c.c.ConfigServerConfigDataLoader   : Could not locate PropertySource ([ConfigServerConfigDataResource@8281385 uris = array<String>['http://localhost:8888'], optional = true, profiles = 'dev']): I/O error on GET request for "http://localhost:8888/currency-service/dev": Connection refused: getsockopt
2025-04-28T09:47:40.210+05:30  INFO 19612 --- [currency-service] [restartedMain] [                                                 ] o.s.c.c.c.ConfigServerConfigDataLoader   : Fetching config from server at : http://localhost:8888
2025-04-28T09:47:40.210+05:30  INFO 19612 --- [currency-service] [restartedMain] [                                                 ] o.s.c.c.c.ConfigServerConfigDataLoader   : Exception on Url - http://localhost:8888:org.springframework.web.client.ResourceAccessException: I/O error on GET request for "http://localhost:8888/currency-service/default": Connection refused: getsockopt. Will be trying the next url if available
2025-04-28T09:47:40.211+05:30  WARN 19612 --- [currency-service] [restartedMain] [                                                 ] o.s.c.c.c.ConfigServerConfigDataLoader   : Could not locate PropertySource ([ConfigServerConfigDataResource@50de77cf uris = array<String>['http://localhost:8888'], optional = true, profiles = 'default']): I/O error on GET request for "http://localhost:8888/currency-service/default": Connection refused: getsockopt
2025-04-28T09:47:40.215+05:30  INFO 19612 --- [currency-service] [restartedMain] [                                                 ] .e.DevToolsPropertyDefaultsPostProcessor : Devtools property defaults active! Set 'spring.devtools.add-properties' to 'false' to disable
2025-04-28T09:47:40.216+05:30  INFO 19612 --- [currency-service] [restartedMain] [                                                 ] .e.DevToolsPropertyDefaultsPostProcessor : For additional web related logging consider setting the 'logging.level.web' property to 'DEBUG'
2025-04-28T09:47:43.343+05:30  INFO 19612 --- [currency-service] [restartedMain] [                                                 ] .s.d.r.c.RepositoryConfigurationDelegate : Bootstrapping Spring Data JPA repositories in DEFAULT mode.
2025-04-28T09:47:43.771+05:30  INFO 19612 --- [currency-service] [restartedMain] [                                                 ] .s.d.r.c.RepositoryConfigurationDelegate : Finished Spring Data repository scanning in 404 ms. Found 1 JPA repository interface.
2025-04-28T09:47:44.895+05:30  INFO 19612 --- [currency-service] [restartedMain] [                                                 ] o.s.cloud.context.scope.GenericScope     : BeanFactory id=b924e2c1-debd-3c8e-bbc3-af28f663261a
2025-04-28T09:47:46.597+05:30  INFO 19612 --- [currency-service] [restartedMain] [                                                 ] o.s.b.w.embedded.tomcat.TomcatWebServer  : Tomcat initialized with port 8085 (http)
2025-04-28T09:47:46.619+05:30  INFO 19612 --- [currency-service] [restartedMain] [                                                 ] o.apache.catalina.core.StandardService   : Starting service [Tomcat]
2025-04-28T09:47:46.619+05:30  INFO 19612 --- [currency-service] [restartedMain] [                                                 ] o.apache.catalina.core.StandardEngine    : Starting Servlet engine: [Apache Tomcat/10.1.39]
2025-04-28T09:47:46.745+05:30  INFO 19612 --- [currency-service] [restartedMain] [                                                 ] o.a.c.c.C.[Tomcat].[localhost].[/]       : Initializing Spring embedded WebApplicationContext
2025-04-28T09:47:46.746+05:30  INFO 19612 --- [currency-service] [restartedMain] [                                                 ] w.s.c.ServletWebServerApplicationContext : Root WebApplicationContext: initialization completed in 6528 ms
2025-04-28T09:47:47.929+05:30  INFO 19612 --- [currency-service] [restartedMain] [                                                 ] com.zaxxer.hikari.HikariDataSource       : HikariPool-1 - Starting...
2025-04-28T09:47:48.253+05:30  INFO 19612 --- [currency-service] [restartedMain] [                                                 ] com.zaxxer.hikari.pool.HikariPool        : HikariPool-1 - Added connection conn0: url=jdbc:h2:mem:df5bbb1d-52e6-4dc8-a11e-9041cab82873 user=SA
2025-04-28T09:47:48.257+05:30  INFO 19612 --- [currency-service] [restartedMain] [                                                 ] com.zaxxer.hikari.HikariDataSource       : HikariPool-1 - Start completed.
2025-04-28T09:47:48.320+05:30  INFO 19612 --- [currency-service] [restartedMain] [                                                 ] o.hibernate.jpa.internal.util.LogHelper  : HHH000204: Processing PersistenceUnitInfo [name: default]
2025-04-28T09:47:48.414+05:30  INFO 19612 --- [currency-service] [restartedMain] [                                                 ] org.hibernate.Version                    : HHH000412: Hibernate ORM core version 6.6.11.Final
2025-04-28T09:47:48.459+05:30  INFO 19612 --- [currency-service] [restartedMain] [                                                 ] o.h.c.internal.RegionFactoryInitiator    : HHH000026: Second-level cache disabled
2025-04-28T09:47:48.846+05:30  INFO 19612 --- [currency-service] [restartedMain] [                                                 ] o.s.o.j.p.SpringPersistenceUnitInfo      : No LoadTimeWeaver setup: ignoring JPA class transformer
2025-04-28T09:47:48.958+05:30  INFO 19612 --- [currency-service] [restartedMain] [                                                 ] org.hibernate.orm.connections.pooling    : HHH10001005: Database info:
	Database JDBC URL [Connecting through datasource 'HikariDataSource (HikariPool-1)']
	Database driver: undefined/unknown
	Database version: 2.3.232
	Autocommit mode: undefined/unknown
	Isolation level: undefined/unknown
	Minimum pool size: undefined/unknown
	Maximum pool size: undefined/unknown
2025-04-28T09:47:50.042+05:30  INFO 19612 --- [currency-service] [restartedMain] [                                                 ] o.h.e.t.j.p.i.JtaPlatformInitiator       : HHH000489: No JTA platform available (set 'hibernate.transaction.jta.platform' to enable JTA platform integration)
2025-04-28T09:47:50.090+05:30  INFO 19612 --- [currency-service] [restartedMain] [                                                 ] j.LocalContainerEntityManagerFactoryBean : Initialized JPA EntityManagerFactory for persistence unit 'default'
2025-04-28T09:47:50.829+05:30  WARN 19612 --- [currency-service] [restartedMain] [                                                 ] JpaBaseConfiguration$JpaWebConfiguration : spring.jpa.open-in-view is enabled by default. Therefore, database queries may be performed during view rendering. Explicitly configure spring.jpa.open-in-view to disable this warning
2025-04-28T09:47:51.009+05:30  WARN 19612 --- [currency-service] [restartedMain] [                                                 ] o.s.b.d.a.OptionalLiveReloadServer       : Unable to start LiveReload server
2025-04-28T09:47:51.115+05:30  INFO 19612 --- [currency-service] [restartedMain] [                                                 ] o.s.c.openfeign.FeignClientFactoryBean   : For 'currency-exchange' URL not provided. Will try picking an instance via load-balancing.
2025-04-28T09:47:51.417+05:30  WARN 19612 --- [currency-service] [restartedMain] [                                                 ] ConfigServletWebServerApplicationContext : Exception encountered during context initialization - cancelling refresh attempt: org.springframework.beans.factory.BeanCreationException: Error creating bean with name 'currencyController': Injection of autowired dependencies failed
2025-04-28T09:47:51.420+05:30  WARN 19612 --- [currency-service] [restartedMain] [                                                 ] s.c.a.AnnotationConfigApplicationContext : Exception thrown from ApplicationListener handling ContextClosedEvent

org.springframework.beans.factory.BeanCreationNotAllowedException: Error creating bean with name 'applicationTaskExecutor': Singleton bean creation not allowed while singletons of this factory are in destruction (Do not request a bean from a BeanFactory in a destroy method implementation!)
	at org.springframework.beans.factory.support.DefaultSingletonBeanRegistry.getSingleton(DefaultSingletonBeanRegistry.java:292) ~[spring-beans-6.2.5.jar:6.2.5]
	at org.springframework.beans.factory.support.AbstractBeanFactory.doGetBean(AbstractBeanFactory.java:337) ~[spring-beans-6.2.5.jar:6.2.5]
	at org.springframework.beans.factory.support.AbstractBeanFactory.getBean(AbstractBeanFactory.java:207) ~[spring-beans-6.2.5.jar:6.2.5]
	at org.springframework.context.event.AbstractApplicationEventMulticaster.retrieveApplicationListeners(AbstractApplicationEventMulticaster.java:267) ~[spring-context-6.2.5.jar:6.2.5]
	at org.springframework.context.event.AbstractApplicationEventMulticaster.getApplicationListeners(AbstractApplicationEventMulticaster.java:223) ~[spring-context-6.2.5.jar:6.2.5]
	at org.springframework.context.event.SimpleApplicationEventMulticaster.multicastEvent(SimpleApplicationEventMulticaster.java:145) ~[spring-context-6.2.5.jar:6.2.5]
	at org.springframework.context.support.AbstractApplicationContext.publishEvent(AbstractApplicationContext.java:454) ~[spring-context-6.2.5.jar:6.2.5]
	at org.springframework.context.support.AbstractApplicationContext.publishEvent(AbstractApplicationContext.java:460) ~[spring-context-6.2.5.jar:6.2.5]
	at org.springframework.context.support.AbstractApplicationContext.publishEvent(AbstractApplicationContext.java:387) ~[spring-context-6.2.5.jar:6.2.5]
	at org.springframework.context.support.AbstractApplicationContext.doClose(AbstractApplicationContext.java:1163) ~[spring-context-6.2.5.jar:6.2.5]
	at org.springframework.context.support.AbstractApplicationContext.close(AbstractApplicationContext.java:1126) ~[spring-context-6.2.5.jar:6.2.5]
	at org.springframework.cloud.context.named.NamedContextFactory.destroy(NamedContextFactory.java:114) ~[spring-cloud-context-4.2.1.jar:4.2.1]
	at org.springframework.beans.factory.support.DisposableBeanAdapter.destroy(DisposableBeanAdapter.java:211) ~[spring-beans-6.2.5.jar:6.2.5]
	at org.springframework.beans.factory.support.DefaultSingletonBeanRegistry.destroyBean(DefaultSingletonBeanRegistry.java:745) ~[spring-beans-6.2.5.jar:6.2.5]
	at org.springframework.beans.factory.support.DefaultSingletonBeanRegistry.destroySingleton(DefaultSingletonBeanRegistry.java:702) ~[spring-beans-6.2.5.jar:6.2.5]
	at org.springframework.beans.factory.support.DefaultListableBeanFactory.destroySingleton(DefaultListableBeanFactory.java:1401) ~[spring-beans-6.2.5.jar:6.2.5]
	at org.springframework.beans.factory.support.DefaultSingletonBeanRegistry.destroySingletons(DefaultSingletonBeanRegistry.java:661) ~[spring-beans-6.2.5.jar:6.2.5]
	at org.springframework.beans.factory.support.DefaultListableBeanFactory.destroySingletons(DefaultListableBeanFactory.java:1394) ~[spring-beans-6.2.5.jar:6.2.5]
	at org.springframework.context.support.AbstractApplicationContext.destroyBeans(AbstractApplicationContext.java:1219) ~[spring-context-6.2.5.jar:6.2.5]
	at org.springframework.context.support.AbstractApplicationContext.refresh(AbstractApplicationContext.java:640) ~[spring-context-6.2.5.jar:6.2.5]
	at org.springframework.boot.web.servlet.context.ServletWebServerApplicationContext.refresh(ServletWebServerApplicationContext.java:146) ~[spring-boot-3.4.4.jar:3.4.4]
	at org.springframework.boot.SpringApplication.refresh(SpringApplication.java:752) ~[spring-boot-3.4.4.jar:3.4.4]
	at org.springframework.boot.SpringApplication.refreshContext(SpringApplication.java:439) ~[spring-boot-3.4.4.jar:3.4.4]
	at org.springframework.boot.SpringApplication.run(SpringApplication.java:318) ~[spring-boot-3.4.4.jar:3.4.4]
	at org.springframework.boot.SpringApplication.run(SpringApplication.java:1361) ~[spring-boot-3.4.4.jar:3.4.4]
	at org.springframework.boot.SpringApplication.run(SpringApplication.java:1350) ~[spring-boot-3.4.4.jar:3.4.4]
	at com.lokesh.currency.CurrencyServiceApplication.main(CurrencyServiceApplication.java:13) ~[classes/:na]
	at java.base/jdk.internal.reflect.DirectMethodHandleAccessor.invoke(DirectMethodHandleAccessor.java:103) ~[na:na]
	at java.base/java.lang.reflect.Method.invoke(Method.java:580) ~[na:na]
	at org.springframework.boot.devtools.restart.RestartLauncher.run(RestartLauncher.java:50) ~[spring-boot-devtools-3.4.4.jar:3.4.4]

2025-04-28T09:47:51.428+05:30  INFO 19612 --- [currency-service] [restartedMain] [                                                 ] j.LocalContainerEntityManagerFactoryBean : Closing JPA EntityManagerFactory for persistence unit 'default'
2025-04-28T09:47:51.440+05:30  WARN 19612 --- [currency-service] [restartedMain] [                                                 ] o.s.b.f.support.DisposableBeanAdapter    : Invocation of destroy method failed on bean with name 'inMemoryDatabaseShutdownExecutor': org.h2.jdbc.JdbcSQLNonTransientConnectionException: Database is already closed (to disable automatic closing at VM shutdown, add ";DB_CLOSE_ON_EXIT=FALSE" to the db URL) [90121-232]
2025-04-28T09:47:51.443+05:30  INFO 19612 --- [currency-service] [restartedMain] [                                                 ] com.zaxxer.hikari.HikariDataSource       : HikariPool-1 - Shutdown initiated...
2025-04-28T09:47:51.446+05:30  INFO 19612 --- [currency-service] [restartedMain] [                                                 ] com.zaxxer.hikari.HikariDataSource       : HikariPool-1 - Shutdown completed.
2025-04-28T09:47:52.464+05:30  WARN 19612 --- [currency-service] [restartedMain] [                                                 ] z.r.i.AsyncReporter$BoundedAsyncReporter : Timed out waiting for in-flight spans to send
2025-04-28T09:47:52.472+05:30  INFO 19612 --- [currency-service] [restartedMain] [                                                 ] o.apache.catalina.core.StandardService   : Stopping service [Tomcat]
2025-04-28T09:47:52.500+05:30  INFO 19612 --- [currency-service] [restartedMain] [                                                 ] .s.b.a.l.ConditionEvaluationReportLogger : 

Error starting ApplicationContext. To display the condition evaluation report re-run your application with 'debug' enabled.
2025-04-28T09:47:52.538+05:30 ERROR 19612 --- [currency-service] [restartedMain] [                                                 ] o.s.boot.SpringApplication               : Application run failed

org.springframework.beans.factory.BeanCreationException: Error creating bean with name 'currencyController': Injection of autowired dependencies failed
	at org.springframework.beans.factory.annotation.AutowiredAnnotationBeanPostProcessor.postProcessProperties(AutowiredAnnotationBeanPostProcessor.java:515) ~[spring-beans-6.2.5.jar:6.2.5]
	at org.springframework.beans.factory.support.AbstractAutowireCapableBeanFactory.populateBean(AbstractAutowireCapableBeanFactory.java:1445) ~[spring-beans-6.2.5.jar:6.2.5]
	at org.springframework.beans.factory.support.AbstractAutowireCapableBeanFactory.doCreateBean(AbstractAutowireCapableBeanFactory.java:600) ~[spring-beans-6.2.5.jar:6.2.5]
	at org.springframework.beans.factory.support.AbstractAutowireCapableBeanFactory.createBean(AbstractAutowireCapableBeanFactory.java:523) ~[spring-beans-6.2.5.jar:6.2.5]
	at org.springframework.beans.factory.support.AbstractBeanFactory.lambda$doGetBean$0(AbstractBeanFactory.java:339) ~[spring-beans-6.2.5.jar:6.2.5]
	at org.springframework.beans.factory.support.DefaultSingletonBeanRegistry.getSingleton(DefaultSingletonBeanRegistry.java:347) ~[spring-beans-6.2.5.jar:6.2.5]
	at org.springframework.beans.factory.support.AbstractBeanFactory.doGetBean(AbstractBeanFactory.java:337) ~[spring-beans-6.2.5.jar:6.2.5]
	at org.springframework.beans.factory.support.AbstractBeanFactory.getBean(AbstractBeanFactory.java:202) ~[spring-beans-6.2.5.jar:6.2.5]
	at org.springframework.beans.factory.support.DefaultListableBeanFactory.instantiateSingleton(DefaultListableBeanFactory.java:1155) ~[spring-beans-6.2.5.jar:6.2.5]
	at org.springframework.beans.factory.support.DefaultListableBeanFactory.preInstantiateSingleton(DefaultListableBeanFactory.java:1121) ~[spring-beans-6.2.5.jar:6.2.5]
	at org.springframework.beans.factory.support.DefaultListableBeanFactory.preInstantiateSingletons(DefaultListableBeanFactory.java:1056) ~[spring-beans-6.2.5.jar:6.2.5]
	at org.springframework.context.support.AbstractApplicationContext.finishBeanFactoryInitialization(AbstractApplicationContext.java:987) ~[spring-context-6.2.5.jar:6.2.5]
	at org.springframework.context.support.AbstractApplicationContext.refresh(AbstractApplicationContext.java:627) ~[spring-context-6.2.5.jar:6.2.5]
	at org.springframework.boot.web.servlet.context.ServletWebServerApplicationContext.refresh(ServletWebServerApplicationContext.java:146) ~[spring-boot-3.4.4.jar:3.4.4]
	at org.springframework.boot.SpringApplication.refresh(SpringApplication.java:752) ~[spring-boot-3.4.4.jar:3.4.4]
	at org.springframework.boot.SpringApplication.refreshContext(SpringApplication.java:439) ~[spring-boot-3.4.4.jar:3.4.4]
	at org.springframework.boot.SpringApplication.run(SpringApplication.java:318) ~[spring-boot-3.4.4.jar:3.4.4]
	at org.springframework.boot.SpringApplication.run(SpringApplication.java:1361) ~[spring-boot-3.4.4.jar:3.4.4]
	at org.springframework.boot.SpringApplication.run(SpringApplication.java:1350) ~[spring-boot-3.4.4.jar:3.4.4]
	at com.lokesh.currency.CurrencyServiceApplication.main(CurrencyServiceApplication.java:13) ~[classes/:na]
	at java.base/jdk.internal.reflect.DirectMethodHandleAccessor.invoke(DirectMethodHandleAccessor.java:103) ~[na:na]
	at java.base/java.lang.reflect.Method.invoke(Method.java:580) ~[na:na]
	at org.springframework.boot.devtools.restart.RestartLauncher.run(RestartLauncher.java:50) ~[spring-boot-devtools-3.4.4.jar:3.4.4]
Caused by: org.springframework.util.PlaceholderResolutionException: Could not resolve placeholder 'my.custom.property' in value "${my.custom.property}"
	at org.springframework.util.PlaceholderResolutionException.withValue(PlaceholderResolutionException.java:81) ~[spring-core-6.2.5.jar:6.2.5]
	at org.springframework.util.PlaceholderParser$ParsedValue.resolve(PlaceholderParser.java:423) ~[spring-core-6.2.5.jar:6.2.5]
	at org.springframework.util.PlaceholderParser.replacePlaceholders(PlaceholderParser.java:128) ~[spring-core-6.2.5.jar:6.2.5]
	at org.springframework.util.PropertyPlaceholderHelper.parseStringValue(PropertyPlaceholderHelper.java:118) ~[spring-core-6.2.5.jar:6.2.5]
	at org.springframework.util.PropertyPlaceholderHelper.replacePlaceholders(PropertyPlaceholderHelper.java:114) ~[spring-core-6.2.5.jar:6.2.5]
	at org.springframework.core.env.AbstractPropertyResolver.doResolvePlaceholders(AbstractPropertyResolver.java:255) ~[spring-core-6.2.5.jar:6.2.5]
	at org.springframework.core.env.AbstractPropertyResolver.resolveRequiredPlaceholders(AbstractPropertyResolver.java:226) ~[spring-core-6.2.5.jar:6.2.5]
	at org.springframework.context.support.PropertySourcesPlaceholderConfigurer.lambda$processProperties$0(PropertySourcesPlaceholderConfigurer.java:201) ~[spring-context-6.2.5.jar:6.2.5]
	at org.springframework.beans.factory.support.AbstractBeanFactory.resolveEmbeddedValue(AbstractBeanFactory.java:971) ~[spring-beans-6.2.5.jar:6.2.5]
	at org.springframework.beans.factory.support.DefaultListableBeanFactory.doResolveDependency(DefaultListableBeanFactory.java:1577) ~[spring-beans-6.2.5.jar:6.2.5]
	at org.springframework.beans.factory.support.DefaultListableBeanFactory.resolveDependency(DefaultListableBeanFactory.java:1555) ~[spring-beans-6.2.5.jar:6.2.5]
	at org.springframework.beans.factory.annotation.AutowiredAnnotationBeanPostProcessor$AutowiredFieldElement.resolveFieldValue(AutowiredAnnotationBeanPostProcessor.java:785) ~[spring-beans-6.2.5.jar:6.2.5]
	at org.springframework.beans.factory.annotation.AutowiredAnnotationBeanPostProcessor$AutowiredFieldElement.inject(AutowiredAnnotationBeanPostProcessor.java:768) ~[spring-beans-6.2.5.jar:6.2.5]
	at org.springframework.beans.factory.annotation.InjectionMetadata.inject(InjectionMetadata.java:146) ~[spring-beans-6.2.5.jar:6.2.5]
	at org.springframework.beans.factory.annotation.AutowiredAnnotationBeanPostProcessor.postProcessProperties(AutowiredAnnotationBeanPostProcessor.java:509) ~[spring-beans-6.2.5.jar:6.2.5]
	... 22 common frames omitted

2025-04-28T09:48:08.184+05:30  INFO 19372 --- [currency-service] [restartedMain] [                                                 ] c.l.currency.CurrencyServiceApplication  : Starting CurrencyServiceApplication using Java 21.0.6 with PID 19372 (D:\SpringMicroservices\currency-service\target\classes started by gopic in D:\SpringMicroservices\currency-service)
2025-04-28T09:48:08.189+05:30  INFO 19372 --- [currency-service] [restartedMain] [                                                 ] c.l.currency.CurrencyServiceApplication  : The following 1 profile is active: "dev"
2025-04-28T09:48:08.254+05:30  INFO 19372 --- [currency-service] [restartedMain] [                                                 ] o.s.c.c.c.ConfigServerConfigDataLoader   : Fetching config from server at : http://localhost:8888
2025-04-28T09:48:08.254+05:30  WARN 19372 --- [currency-service] [restartedMain] [                                                 ] o.s.c.c.c.ConfigServerConfigDataLoader   : Could not locate PropertySource ([ConfigServerConfigDataResource@7315592f uris = array<String>['http://localhost:8888'], optional = true, profiles = 'default']): None of labels [] found
2025-04-28T09:48:08.254+05:30  INFO 19372 --- [currency-service] [restartedMain] [                                                 ] o.s.c.c.c.ConfigServerConfigDataLoader   : Fetching config from server at : http://localhost:8888
2025-04-28T09:48:08.255+05:30  WARN 19372 --- [currency-service] [restartedMain] [                                                 ] o.s.c.c.c.ConfigServerConfigDataLoader   : Could not locate PropertySource ([ConfigServerConfigDataResource@46a1c9a6 uris = array<String>['http://localhost:8888'], optional = true, profiles = 'dev']): None of labels [] found
2025-04-28T09:48:08.255+05:30  INFO 19372 --- [currency-service] [restartedMain] [                                                 ] o.s.c.c.c.ConfigServerConfigDataLoader   : Fetching config from server at : http://localhost:8888
2025-04-28T09:48:08.255+05:30  WARN 19372 --- [currency-service] [restartedMain] [                                                 ] o.s.c.c.c.ConfigServerConfigDataLoader   : Could not locate PropertySource ([ConfigServerConfigDataResource@a9f9b23 uris = array<String>['http://localhost:8888'], optional = true, profiles = 'default']): None of labels [] found
2025-04-28T09:48:08.258+05:30  INFO 19372 --- [currency-service] [restartedMain] [                                                 ] .e.DevToolsPropertyDefaultsPostProcessor : Devtools property defaults active! Set 'spring.devtools.add-properties' to 'false' to disable
2025-04-28T09:48:08.258+05:30  INFO 19372 --- [currency-service] [restartedMain] [                                                 ] .e.DevToolsPropertyDefaultsPostProcessor : For additional web related logging consider setting the 'logging.level.web' property to 'DEBUG'
2025-04-28T09:48:10.136+05:30  INFO 19372 --- [currency-service] [restartedMain] [                                                 ] .s.d.r.c.RepositoryConfigurationDelegate : Bootstrapping Spring Data JPA repositories in DEFAULT mode.
2025-04-28T09:48:10.350+05:30  INFO 19372 --- [currency-service] [restartedMain] [                                                 ] .s.d.r.c.RepositoryConfigurationDelegate : Finished Spring Data repository scanning in 196 ms. Found 1 JPA repository interface.
2025-04-28T09:48:10.985+05:30  INFO 19372 --- [currency-service] [restartedMain] [                                                 ] o.s.cloud.context.scope.GenericScope     : BeanFactory id=b924e2c1-debd-3c8e-bbc3-af28f663261a
2025-04-28T09:48:12.160+05:30  INFO 19372 --- [currency-service] [restartedMain] [                                                 ] o.s.b.w.embedded.tomcat.TomcatWebServer  : Tomcat initialized with port 8085 (http)
2025-04-28T09:48:12.177+05:30  INFO 19372 --- [currency-service] [restartedMain] [                                                 ] o.apache.catalina.core.StandardService   : Starting service [Tomcat]
2025-04-28T09:48:12.178+05:30  INFO 19372 --- [currency-service] [restartedMain] [                                                 ] o.apache.catalina.core.StandardEngine    : Starting Servlet engine: [Apache Tomcat/10.1.39]
2025-04-28T09:48:12.249+05:30  INFO 19372 --- [currency-service] [restartedMain] [                                                 ] o.a.c.c.C.[Tomcat].[localhost].[/]       : Initializing Spring embedded WebApplicationContext
2025-04-28T09:48:12.250+05:30  INFO 19372 --- [currency-service] [restartedMain] [                                                 ] w.s.c.ServletWebServerApplicationContext : Root WebApplicationContext: initialization completed in 3991 ms
2025-04-28T09:48:13.170+05:30  INFO 19372 --- [currency-service] [restartedMain] [                                                 ] com.zaxxer.hikari.HikariDataSource       : HikariPool-1 - Starting...
2025-04-28T09:48:13.376+05:30  INFO 19372 --- [currency-service] [restartedMain] [                                                 ] com.zaxxer.hikari.pool.HikariPool        : HikariPool-1 - Added connection conn0: url=jdbc:h2:mem:8093e33f-9c28-485a-8f4e-a1cb1968b199 user=SA
2025-04-28T09:48:13.379+05:30  INFO 19372 --- [currency-service] [restartedMain] [                                                 ] com.zaxxer.hikari.HikariDataSource       : HikariPool-1 - Start completed.
2025-04-28T09:48:13.437+05:30  INFO 19372 --- [currency-service] [restartedMain] [                                                 ] o.hibernate.jpa.internal.util.LogHelper  : HHH000204: Processing PersistenceUnitInfo [name: default]
2025-04-28T09:48:13.497+05:30  INFO 19372 --- [currency-service] [restartedMain] [                                                 ] org.hibernate.Version                    : HHH000412: Hibernate ORM core version 6.6.11.Final
2025-04-28T09:48:13.536+05:30  INFO 19372 --- [currency-service] [restartedMain] [                                                 ] o.h.c.internal.RegionFactoryInitiator    : HHH000026: Second-level cache disabled
2025-04-28T09:48:13.856+05:30  INFO 19372 --- [currency-service] [restartedMain] [                                                 ] o.s.o.j.p.SpringPersistenceUnitInfo      : No LoadTimeWeaver setup: ignoring JPA class transformer
2025-04-28T09:48:13.989+05:30  INFO 19372 --- [currency-service] [restartedMain] [                                                 ] org.hibernate.orm.connections.pooling    : HHH10001005: Database info:
	Database JDBC URL [Connecting through datasource 'HikariDataSource (HikariPool-1)']
	Database driver: undefined/unknown
	Database version: 2.3.232
	Autocommit mode: undefined/unknown
	Isolation level: undefined/unknown
	Minimum pool size: undefined/unknown
	Maximum pool size: undefined/unknown
2025-04-28T09:48:15.023+05:30  INFO 19372 --- [currency-service] [restartedMain] [                                                 ] o.h.e.t.j.p.i.JtaPlatformInitiator       : HHH000489: No JTA platform available (set 'hibernate.transaction.jta.platform' to enable JTA platform integration)
2025-04-28T09:48:15.058+05:30  INFO 19372 --- [currency-service] [restartedMain] [                                                 ] j.LocalContainerEntityManagerFactoryBean : Initialized JPA EntityManagerFactory for persistence unit 'default'
2025-04-28T09:48:15.618+05:30  WARN 19372 --- [currency-service] [restartedMain] [                                                 ] JpaBaseConfiguration$JpaWebConfiguration : spring.jpa.open-in-view is enabled by default. Therefore, database queries may be performed during view rendering. Explicitly configure spring.jpa.open-in-view to disable this warning
2025-04-28T09:48:15.809+05:30  WARN 19372 --- [currency-service] [restartedMain] [                                                 ] o.s.b.d.a.OptionalLiveReloadServer       : Unable to start LiveReload server
2025-04-28T09:48:15.905+05:30  INFO 19372 --- [currency-service] [restartedMain] [                                                 ] o.s.c.openfeign.FeignClientFactoryBean   : For 'currency-exchange' URL not provided. Will try picking an instance via load-balancing.
2025-04-28T09:48:16.173+05:30  WARN 19372 --- [currency-service] [restartedMain] [                                                 ] ConfigServletWebServerApplicationContext : Exception encountered during context initialization - cancelling refresh attempt: org.springframework.beans.factory.BeanCreationException: Error creating bean with name 'currencyController': Injection of autowired dependencies failed
2025-04-28T09:48:16.175+05:30  WARN 19372 --- [currency-service] [restartedMain] [                                                 ] s.c.a.AnnotationConfigApplicationContext : Exception thrown from ApplicationListener handling ContextClosedEvent

org.springframework.beans.factory.BeanCreationNotAllowedException: Error creating bean with name 'applicationTaskExecutor': Singleton bean creation not allowed while singletons of this factory are in destruction (Do not request a bean from a BeanFactory in a destroy method implementation!)
	at org.springframework.beans.factory.support.DefaultSingletonBeanRegistry.getSingleton(DefaultSingletonBeanRegistry.java:292) ~[spring-beans-6.2.5.jar:6.2.5]
	at org.springframework.beans.factory.support.AbstractBeanFactory.doGetBean(AbstractBeanFactory.java:337) ~[spring-beans-6.2.5.jar:6.2.5]
	at org.springframework.beans.factory.support.AbstractBeanFactory.getBean(AbstractBeanFactory.java:207) ~[spring-beans-6.2.5.jar:6.2.5]
	at org.springframework.context.event.AbstractApplicationEventMulticaster.retrieveApplicationListeners(AbstractApplicationEventMulticaster.java:267) ~[spring-context-6.2.5.jar:6.2.5]
	at org.springframework.context.event.AbstractApplicationEventMulticaster.getApplicationListeners(AbstractApplicationEventMulticaster.java:223) ~[spring-context-6.2.5.jar:6.2.5]
	at org.springframework.context.event.SimpleApplicationEventMulticaster.multicastEvent(SimpleApplicationEventMulticaster.java:145) ~[spring-context-6.2.5.jar:6.2.5]
	at org.springframework.context.support.AbstractApplicationContext.publishEvent(AbstractApplicationContext.java:454) ~[spring-context-6.2.5.jar:6.2.5]
	at org.springframework.context.support.AbstractApplicationContext.publishEvent(AbstractApplicationContext.java:460) ~[spring-context-6.2.5.jar:6.2.5]
	at org.springframework.context.support.AbstractApplicationContext.publishEvent(AbstractApplicationContext.java:387) ~[spring-context-6.2.5.jar:6.2.5]
	at org.springframework.context.support.AbstractApplicationContext.doClose(AbstractApplicationContext.java:1163) ~[spring-context-6.2.5.jar:6.2.5]
	at org.springframework.context.support.AbstractApplicationContext.close(AbstractApplicationContext.java:1126) ~[spring-context-6.2.5.jar:6.2.5]
	at org.springframework.cloud.context.named.NamedContextFactory.destroy(NamedContextFactory.java:114) ~[spring-cloud-context-4.2.1.jar:4.2.1]
	at org.springframework.beans.factory.support.DisposableBeanAdapter.destroy(DisposableBeanAdapter.java:211) ~[spring-beans-6.2.5.jar:6.2.5]
	at org.springframework.beans.factory.support.DefaultSingletonBeanRegistry.destroyBean(DefaultSingletonBeanRegistry.java:745) ~[spring-beans-6.2.5.jar:6.2.5]
	at org.springframework.beans.factory.support.DefaultSingletonBeanRegistry.destroySingleton(DefaultSingletonBeanRegistry.java:702) ~[spring-beans-6.2.5.jar:6.2.5]
	at org.springframework.beans.factory.support.DefaultListableBeanFactory.destroySingleton(DefaultListableBeanFactory.java:1401) ~[spring-beans-6.2.5.jar:6.2.5]
	at org.springframework.beans.factory.support.DefaultSingletonBeanRegistry.destroySingletons(DefaultSingletonBeanRegistry.java:661) ~[spring-beans-6.2.5.jar:6.2.5]
	at org.springframework.beans.factory.support.DefaultListableBeanFactory.destroySingletons(DefaultListableBeanFactory.java:1394) ~[spring-beans-6.2.5.jar:6.2.5]
	at org.springframework.context.support.AbstractApplicationContext.destroyBeans(AbstractApplicationContext.java:1219) ~[spring-context-6.2.5.jar:6.2.5]
	at org.springframework.context.support.AbstractApplicationContext.refresh(AbstractApplicationContext.java:640) ~[spring-context-6.2.5.jar:6.2.5]
	at org.springframework.boot.web.servlet.context.ServletWebServerApplicationContext.refresh(ServletWebServerApplicationContext.java:146) ~[spring-boot-3.4.4.jar:3.4.4]
	at org.springframework.boot.SpringApplication.refresh(SpringApplication.java:752) ~[spring-boot-3.4.4.jar:3.4.4]
	at org.springframework.boot.SpringApplication.refreshContext(SpringApplication.java:439) ~[spring-boot-3.4.4.jar:3.4.4]
	at org.springframework.boot.SpringApplication.run(SpringApplication.java:318) ~[spring-boot-3.4.4.jar:3.4.4]
	at org.springframework.boot.SpringApplication.run(SpringApplication.java:1361) ~[spring-boot-3.4.4.jar:3.4.4]
	at org.springframework.boot.SpringApplication.run(SpringApplication.java:1350) ~[spring-boot-3.4.4.jar:3.4.4]
	at com.lokesh.currency.CurrencyServiceApplication.main(CurrencyServiceApplication.java:13) ~[classes/:na]
	at java.base/jdk.internal.reflect.DirectMethodHandleAccessor.invoke(DirectMethodHandleAccessor.java:103) ~[na:na]
	at java.base/java.lang.reflect.Method.invoke(Method.java:580) ~[na:na]
	at org.springframework.boot.devtools.restart.RestartLauncher.run(RestartLauncher.java:50) ~[spring-boot-devtools-3.4.4.jar:3.4.4]

2025-04-28T09:48:16.181+05:30  INFO 19372 --- [currency-service] [restartedMain] [                                                 ] j.LocalContainerEntityManagerFactoryBean : Closing JPA EntityManagerFactory for persistence unit 'default'
2025-04-28T09:48:16.194+05:30  WARN 19372 --- [currency-service] [restartedMain] [                                                 ] o.s.b.f.support.DisposableBeanAdapter    : Invocation of destroy method failed on bean with name 'inMemoryDatabaseShutdownExecutor': org.h2.jdbc.JdbcSQLNonTransientConnectionException: Database is already closed (to disable automatic closing at VM shutdown, add ";DB_CLOSE_ON_EXIT=FALSE" to the db URL) [90121-232]
2025-04-28T09:48:16.194+05:30  INFO 19372 --- [currency-service] [restartedMain] [                                                 ] com.zaxxer.hikari.HikariDataSource       : HikariPool-1 - Shutdown initiated...
2025-04-28T09:48:16.197+05:30  INFO 19372 --- [currency-service] [restartedMain] [                                                 ] com.zaxxer.hikari.HikariDataSource       : HikariPool-1 - Shutdown completed.
2025-04-28T09:48:17.201+05:30  WARN 19372 --- [currency-service] [restartedMain] [                                                 ] z.r.i.AsyncReporter$BoundedAsyncReporter : Timed out waiting for in-flight spans to send
2025-04-28T09:48:17.212+05:30  INFO 19372 --- [currency-service] [restartedMain] [                                                 ] o.apache.catalina.core.StandardService   : Stopping service [Tomcat]
2025-04-28T09:48:17.251+05:30  INFO 19372 --- [currency-service] [restartedMain] [                                                 ] .s.b.a.l.ConditionEvaluationReportLogger : 

Error starting ApplicationContext. To display the condition evaluation report re-run your application with 'debug' enabled.
2025-04-28T09:48:17.300+05:30 ERROR 19372 --- [currency-service] [restartedMain] [                                                 ] o.s.boot.SpringApplication               : Application run failed

org.springframework.beans.factory.BeanCreationException: Error creating bean with name 'currencyController': Injection of autowired dependencies failed
	at org.springframework.beans.factory.annotation.AutowiredAnnotationBeanPostProcessor.postProcessProperties(AutowiredAnnotationBeanPostProcessor.java:515) ~[spring-beans-6.2.5.jar:6.2.5]
	at org.springframework.beans.factory.support.AbstractAutowireCapableBeanFactory.populateBean(AbstractAutowireCapableBeanFactory.java:1445) ~[spring-beans-6.2.5.jar:6.2.5]
	at org.springframework.beans.factory.support.AbstractAutowireCapableBeanFactory.doCreateBean(AbstractAutowireCapableBeanFactory.java:600) ~[spring-beans-6.2.5.jar:6.2.5]
	at org.springframework.beans.factory.support.AbstractAutowireCapableBeanFactory.createBean(AbstractAutowireCapableBeanFactory.java:523) ~[spring-beans-6.2.5.jar:6.2.5]
	at org.springframework.beans.factory.support.AbstractBeanFactory.lambda$doGetBean$0(AbstractBeanFactory.java:339) ~[spring-beans-6.2.5.jar:6.2.5]
	at org.springframework.beans.factory.support.DefaultSingletonBeanRegistry.getSingleton(DefaultSingletonBeanRegistry.java:347) ~[spring-beans-6.2.5.jar:6.2.5]
	at org.springframework.beans.factory.support.AbstractBeanFactory.doGetBean(AbstractBeanFactory.java:337) ~[spring-beans-6.2.5.jar:6.2.5]
	at org.springframework.beans.factory.support.AbstractBeanFactory.getBean(AbstractBeanFactory.java:202) ~[spring-beans-6.2.5.jar:6.2.5]
	at org.springframework.beans.factory.support.DefaultListableBeanFactory.instantiateSingleton(DefaultListableBeanFactory.java:1155) ~[spring-beans-6.2.5.jar:6.2.5]
	at org.springframework.beans.factory.support.DefaultListableBeanFactory.preInstantiateSingleton(DefaultListableBeanFactory.java:1121) ~[spring-beans-6.2.5.jar:6.2.5]
	at org.springframework.beans.factory.support.DefaultListableBeanFactory.preInstantiateSingletons(DefaultListableBeanFactory.java:1056) ~[spring-beans-6.2.5.jar:6.2.5]
	at org.springframework.context.support.AbstractApplicationContext.finishBeanFactoryInitialization(AbstractApplicationContext.java:987) ~[spring-context-6.2.5.jar:6.2.5]
	at org.springframework.context.support.AbstractApplicationContext.refresh(AbstractApplicationContext.java:627) ~[spring-context-6.2.5.jar:6.2.5]
	at org.springframework.boot.web.servlet.context.ServletWebServerApplicationContext.refresh(ServletWebServerApplicationContext.java:146) ~[spring-boot-3.4.4.jar:3.4.4]
	at org.springframework.boot.SpringApplication.refresh(SpringApplication.java:752) ~[spring-boot-3.4.4.jar:3.4.4]
	at org.springframework.boot.SpringApplication.refreshContext(SpringApplication.java:439) ~[spring-boot-3.4.4.jar:3.4.4]
	at org.springframework.boot.SpringApplication.run(SpringApplication.java:318) ~[spring-boot-3.4.4.jar:3.4.4]
	at org.springframework.boot.SpringApplication.run(SpringApplication.java:1361) ~[spring-boot-3.4.4.jar:3.4.4]
	at org.springframework.boot.SpringApplication.run(SpringApplication.java:1350) ~[spring-boot-3.4.4.jar:3.4.4]
	at com.lokesh.currency.CurrencyServiceApplication.main(CurrencyServiceApplication.java:13) ~[classes/:na]
	at java.base/jdk.internal.reflect.DirectMethodHandleAccessor.invoke(DirectMethodHandleAccessor.java:103) ~[na:na]
	at java.base/java.lang.reflect.Method.invoke(Method.java:580) ~[na:na]
	at org.springframework.boot.devtools.restart.RestartLauncher.run(RestartLauncher.java:50) ~[spring-boot-devtools-3.4.4.jar:3.4.4]
Caused by: org.springframework.util.PlaceholderResolutionException: Could not resolve placeholder 'my.custom.property' in value "${my.custom.property}"
	at org.springframework.util.PlaceholderResolutionException.withValue(PlaceholderResolutionException.java:81) ~[spring-core-6.2.5.jar:6.2.5]
	at org.springframework.util.PlaceholderParser$ParsedValue.resolve(PlaceholderParser.java:423) ~[spring-core-6.2.5.jar:6.2.5]
	at org.springframework.util.PlaceholderParser.replacePlaceholders(PlaceholderParser.java:128) ~[spring-core-6.2.5.jar:6.2.5]
	at org.springframework.util.PropertyPlaceholderHelper.parseStringValue(PropertyPlaceholderHelper.java:118) ~[spring-core-6.2.5.jar:6.2.5]
	at org.springframework.util.PropertyPlaceholderHelper.replacePlaceholders(PropertyPlaceholderHelper.java:114) ~[spring-core-6.2.5.jar:6.2.5]
	at org.springframework.core.env.AbstractPropertyResolver.doResolvePlaceholders(AbstractPropertyResolver.java:255) ~[spring-core-6.2.5.jar:6.2.5]
	at org.springframework.core.env.AbstractPropertyResolver.resolveRequiredPlaceholders(AbstractPropertyResolver.java:226) ~[spring-core-6.2.5.jar:6.2.5]
	at org.springframework.context.support.PropertySourcesPlaceholderConfigurer.lambda$processProperties$0(PropertySourcesPlaceholderConfigurer.java:201) ~[spring-context-6.2.5.jar:6.2.5]
	at org.springframework.beans.factory.support.AbstractBeanFactory.resolveEmbeddedValue(AbstractBeanFactory.java:971) ~[spring-beans-6.2.5.jar:6.2.5]
	at org.springframework.beans.factory.support.DefaultListableBeanFactory.doResolveDependency(DefaultListableBeanFactory.java:1577) ~[spring-beans-6.2.5.jar:6.2.5]
	at org.springframework.beans.factory.support.DefaultListableBeanFactory.resolveDependency(DefaultListableBeanFactory.java:1555) ~[spring-beans-6.2.5.jar:6.2.5]
	at org.springframework.beans.factory.annotation.AutowiredAnnotationBeanPostProcessor$AutowiredFieldElement.resolveFieldValue(AutowiredAnnotationBeanPostProcessor.java:785) ~[spring-beans-6.2.5.jar:6.2.5]
	at org.springframework.beans.factory.annotation.AutowiredAnnotationBeanPostProcessor$AutowiredFieldElement.inject(AutowiredAnnotationBeanPostProcessor.java:768) ~[spring-beans-6.2.5.jar:6.2.5]
	at org.springframework.beans.factory.annotation.InjectionMetadata.inject(InjectionMetadata.java:146) ~[spring-beans-6.2.5.jar:6.2.5]
	at org.springframework.beans.factory.annotation.AutowiredAnnotationBeanPostProcessor.postProcessProperties(AutowiredAnnotationBeanPostProcessor.java:509) ~[spring-beans-6.2.5.jar:6.2.5]
	... 22 common frames omitted

2025-04-28T09:50:01.361+05:30  INFO 19464 --- [currency-service] [restartedMain] [                                                 ] c.l.currency.CurrencyServiceApplication  : Starting CurrencyServiceApplication using Java 21.0.6 with PID 19464 (D:\SpringMicroservices\currency-service\target\classes started by gopic in D:\SpringMicroservices\currency-service)
2025-04-28T09:50:01.364+05:30  INFO 19464 --- [currency-service] [restartedMain] [                                                 ] c.l.currency.CurrencyServiceApplication  : The following 1 profile is active: "dev"
2025-04-28T09:50:01.428+05:30  INFO 19464 --- [currency-service] [restartedMain] [                                                 ] o.s.c.c.c.ConfigServerConfigDataLoader   : Fetching config from server at : http://localhost:8888
2025-04-28T09:50:01.428+05:30  WARN 19464 --- [currency-service] [restartedMain] [                                                 ] o.s.c.c.c.ConfigServerConfigDataLoader   : Could not locate PropertySource ([ConfigServerConfigDataResource@3b8cee46 uris = array<String>['http://localhost:8888'], optional = true, profiles = 'default']): None of labels [] found
2025-04-28T09:50:01.428+05:30  INFO 19464 --- [currency-service] [restartedMain] [                                                 ] o.s.c.c.c.ConfigServerConfigDataLoader   : Fetching config from server at : http://localhost:8888
2025-04-28T09:50:01.428+05:30  WARN 19464 --- [currency-service] [restartedMain] [                                                 ] o.s.c.c.c.ConfigServerConfigDataLoader   : Could not locate PropertySource ([ConfigServerConfigDataResource@796a1329 uris = array<String>['http://localhost:8888'], optional = true, profiles = 'dev']): None of labels [] found
2025-04-28T09:50:01.428+05:30  INFO 19464 --- [currency-service] [restartedMain] [                                                 ] o.s.c.c.c.ConfigServerConfigDataLoader   : Fetching config from server at : http://localhost:8888
2025-04-28T09:50:01.429+05:30  WARN 19464 --- [currency-service] [restartedMain] [                                                 ] o.s.c.c.c.ConfigServerConfigDataLoader   : Could not locate PropertySource ([ConfigServerConfigDataResource@412dc612 uris = array<String>['http://localhost:8888'], optional = true, profiles = 'default']): None of labels [] found
2025-04-28T09:50:01.431+05:30  INFO 19464 --- [currency-service] [restartedMain] [                                                 ] .e.DevToolsPropertyDefaultsPostProcessor : Devtools property defaults active! Set 'spring.devtools.add-properties' to 'false' to disable
2025-04-28T09:50:01.432+05:30  INFO 19464 --- [currency-service] [restartedMain] [                                                 ] .e.DevToolsPropertyDefaultsPostProcessor : For additional web related logging consider setting the 'logging.level.web' property to 'DEBUG'
2025-04-28T09:50:03.269+05:30  INFO 19464 --- [currency-service] [restartedMain] [                                                 ] .s.d.r.c.RepositoryConfigurationDelegate : Bootstrapping Spring Data JPA repositories in DEFAULT mode.
2025-04-28T09:50:03.480+05:30  INFO 19464 --- [currency-service] [restartedMain] [                                                 ] .s.d.r.c.RepositoryConfigurationDelegate : Finished Spring Data repository scanning in 195 ms. Found 1 JPA repository interface.
2025-04-28T09:50:04.072+05:30  INFO 19464 --- [currency-service] [restartedMain] [                                                 ] o.s.cloud.context.scope.GenericScope     : BeanFactory id=b924e2c1-debd-3c8e-bbc3-af28f663261a
2025-04-28T09:50:05.116+05:30  INFO 19464 --- [currency-service] [restartedMain] [                                                 ] o.s.b.w.embedded.tomcat.TomcatWebServer  : Tomcat initialized with port 8085 (http)
2025-04-28T09:50:05.132+05:30  INFO 19464 --- [currency-service] [restartedMain] [                                                 ] o.apache.catalina.core.StandardService   : Starting service [Tomcat]
2025-04-28T09:50:05.133+05:30  INFO 19464 --- [currency-service] [restartedMain] [                                                 ] o.apache.catalina.core.StandardEngine    : Starting Servlet engine: [Apache Tomcat/10.1.39]
2025-04-28T09:50:05.217+05:30  INFO 19464 --- [currency-service] [restartedMain] [                                                 ] o.a.c.c.C.[Tomcat].[localhost].[/]       : Initializing Spring embedded WebApplicationContext
2025-04-28T09:50:05.218+05:30  INFO 19464 --- [currency-service] [restartedMain] [                                                 ] w.s.c.ServletWebServerApplicationContext : Root WebApplicationContext: initialization completed in 3784 ms
2025-04-28T09:50:06.127+05:30  INFO 19464 --- [currency-service] [restartedMain] [                                                 ] com.zaxxer.hikari.HikariDataSource       : HikariPool-1 - Starting...
2025-04-28T09:50:06.348+05:30  INFO 19464 --- [currency-service] [restartedMain] [                                                 ] com.zaxxer.hikari.pool.HikariPool        : HikariPool-1 - Added connection conn0: url=jdbc:h2:mem:70e0844a-6506-4007-82a7-d8001e431bf4 user=SA
2025-04-28T09:50:06.351+05:30  INFO 19464 --- [currency-service] [restartedMain] [                                                 ] com.zaxxer.hikari.HikariDataSource       : HikariPool-1 - Start completed.
2025-04-28T09:50:06.407+05:30  INFO 19464 --- [currency-service] [restartedMain] [                                                 ] o.hibernate.jpa.internal.util.LogHelper  : HHH000204: Processing PersistenceUnitInfo [name: default]
2025-04-28T09:50:06.468+05:30  INFO 19464 --- [currency-service] [restartedMain] [                                                 ] org.hibernate.Version                    : HHH000412: Hibernate ORM core version 6.6.11.Final
2025-04-28T09:50:06.516+05:30  INFO 19464 --- [currency-service] [restartedMain] [                                                 ] o.h.c.internal.RegionFactoryInitiator    : HHH000026: Second-level cache disabled
2025-04-28T09:50:06.844+05:30  INFO 19464 --- [currency-service] [restartedMain] [                                                 ] o.s.o.j.p.SpringPersistenceUnitInfo      : No LoadTimeWeaver setup: ignoring JPA class transformer
2025-04-28T09:50:06.957+05:30  INFO 19464 --- [currency-service] [restartedMain] [                                                 ] org.hibernate.orm.connections.pooling    : HHH10001005: Database info:
	Database JDBC URL [Connecting through datasource 'HikariDataSource (HikariPool-1)']
	Database driver: undefined/unknown
	Database version: 2.3.232
	Autocommit mode: undefined/unknown
	Isolation level: undefined/unknown
	Minimum pool size: undefined/unknown
	Maximum pool size: undefined/unknown
2025-04-28T09:50:07.944+05:30  INFO 19464 --- [currency-service] [restartedMain] [                                                 ] o.h.e.t.j.p.i.JtaPlatformInitiator       : HHH000489: No JTA platform available (set 'hibernate.transaction.jta.platform' to enable JTA platform integration)
2025-04-28T09:50:07.985+05:30  INFO 19464 --- [currency-service] [restartedMain] [                                                 ] j.LocalContainerEntityManagerFactoryBean : Initialized JPA EntityManagerFactory for persistence unit 'default'
2025-04-28T09:50:08.585+05:30  WARN 19464 --- [currency-service] [restartedMain] [                                                 ] JpaBaseConfiguration$JpaWebConfiguration : spring.jpa.open-in-view is enabled by default. Therefore, database queries may be performed during view rendering. Explicitly configure spring.jpa.open-in-view to disable this warning
2025-04-28T09:50:08.749+05:30  WARN 19464 --- [currency-service] [restartedMain] [                                                 ] o.s.b.d.a.OptionalLiveReloadServer       : Unable to start LiveReload server
2025-04-28T09:50:08.860+05:30  INFO 19464 --- [currency-service] [restartedMain] [                                                 ] o.s.c.openfeign.FeignClientFactoryBean   : For 'currency-exchange' URL not provided. Will try picking an instance via load-balancing.
2025-04-28T09:50:09.153+05:30  WARN 19464 --- [currency-service] [restartedMain] [                                                 ] ConfigServletWebServerApplicationContext : Exception encountered during context initialization - cancelling refresh attempt: org.springframework.beans.factory.BeanCreationException: Error creating bean with name 'currencyController': Injection of autowired dependencies failed
2025-04-28T09:50:09.156+05:30  WARN 19464 --- [currency-service] [restartedMain] [                                                 ] s.c.a.AnnotationConfigApplicationContext : Exception thrown from ApplicationListener handling ContextClosedEvent

org.springframework.beans.factory.BeanCreationNotAllowedException: Error creating bean with name 'applicationTaskExecutor': Singleton bean creation not allowed while singletons of this factory are in destruction (Do not request a bean from a BeanFactory in a destroy method implementation!)
	at org.springframework.beans.factory.support.DefaultSingletonBeanRegistry.getSingleton(DefaultSingletonBeanRegistry.java:292) ~[spring-beans-6.2.5.jar:6.2.5]
	at org.springframework.beans.factory.support.AbstractBeanFactory.doGetBean(AbstractBeanFactory.java:337) ~[spring-beans-6.2.5.jar:6.2.5]
	at org.springframework.beans.factory.support.AbstractBeanFactory.getBean(AbstractBeanFactory.java:207) ~[spring-beans-6.2.5.jar:6.2.5]
	at org.springframework.context.event.AbstractApplicationEventMulticaster.retrieveApplicationListeners(AbstractApplicationEventMulticaster.java:267) ~[spring-context-6.2.5.jar:6.2.5]
	at org.springframework.context.event.AbstractApplicationEventMulticaster.getApplicationListeners(AbstractApplicationEventMulticaster.java:223) ~[spring-context-6.2.5.jar:6.2.5]
	at org.springframework.context.event.SimpleApplicationEventMulticaster.multicastEvent(SimpleApplicationEventMulticaster.java:145) ~[spring-context-6.2.5.jar:6.2.5]
	at org.springframework.context.support.AbstractApplicationContext.publishEvent(AbstractApplicationContext.java:454) ~[spring-context-6.2.5.jar:6.2.5]
	at org.springframework.context.support.AbstractApplicationContext.publishEvent(AbstractApplicationContext.java:460) ~[spring-context-6.2.5.jar:6.2.5]
	at org.springframework.context.support.AbstractApplicationContext.publishEvent(AbstractApplicationContext.java:387) ~[spring-context-6.2.5.jar:6.2.5]
	at org.springframework.context.support.AbstractApplicationContext.doClose(AbstractApplicationContext.java:1163) ~[spring-context-6.2.5.jar:6.2.5]
	at org.springframework.context.support.AbstractApplicationContext.close(AbstractApplicationContext.java:1126) ~[spring-context-6.2.5.jar:6.2.5]
	at org.springframework.cloud.context.named.NamedContextFactory.destroy(NamedContextFactory.java:114) ~[spring-cloud-context-4.2.1.jar:4.2.1]
	at org.springframework.beans.factory.support.DisposableBeanAdapter.destroy(DisposableBeanAdapter.java:211) ~[spring-beans-6.2.5.jar:6.2.5]
	at org.springframework.beans.factory.support.DefaultSingletonBeanRegistry.destroyBean(DefaultSingletonBeanRegistry.java:745) ~[spring-beans-6.2.5.jar:6.2.5]
	at org.springframework.beans.factory.support.DefaultSingletonBeanRegistry.destroySingleton(DefaultSingletonBeanRegistry.java:702) ~[spring-beans-6.2.5.jar:6.2.5]
	at org.springframework.beans.factory.support.DefaultListableBeanFactory.destroySingleton(DefaultListableBeanFactory.java:1401) ~[spring-beans-6.2.5.jar:6.2.5]
	at org.springframework.beans.factory.support.DefaultSingletonBeanRegistry.destroySingletons(DefaultSingletonBeanRegistry.java:661) ~[spring-beans-6.2.5.jar:6.2.5]
	at org.springframework.beans.factory.support.DefaultListableBeanFactory.destroySingletons(DefaultListableBeanFactory.java:1394) ~[spring-beans-6.2.5.jar:6.2.5]
	at org.springframework.context.support.AbstractApplicationContext.destroyBeans(AbstractApplicationContext.java:1219) ~[spring-context-6.2.5.jar:6.2.5]
	at org.springframework.context.support.AbstractApplicationContext.refresh(AbstractApplicationContext.java:640) ~[spring-context-6.2.5.jar:6.2.5]
	at org.springframework.boot.web.servlet.context.ServletWebServerApplicationContext.refresh(ServletWebServerApplicationContext.java:146) ~[spring-boot-3.4.4.jar:3.4.4]
	at org.springframework.boot.SpringApplication.refresh(SpringApplication.java:752) ~[spring-boot-3.4.4.jar:3.4.4]
	at org.springframework.boot.SpringApplication.refreshContext(SpringApplication.java:439) ~[spring-boot-3.4.4.jar:3.4.4]
	at org.springframework.boot.SpringApplication.run(SpringApplication.java:318) ~[spring-boot-3.4.4.jar:3.4.4]
	at org.springframework.boot.SpringApplication.run(SpringApplication.java:1361) ~[spring-boot-3.4.4.jar:3.4.4]
	at org.springframework.boot.SpringApplication.run(SpringApplication.java:1350) ~[spring-boot-3.4.4.jar:3.4.4]
	at com.lokesh.currency.CurrencyServiceApplication.main(CurrencyServiceApplication.java:13) ~[classes/:na]
	at java.base/jdk.internal.reflect.DirectMethodHandleAccessor.invoke(DirectMethodHandleAccessor.java:103) ~[na:na]
	at java.base/java.lang.reflect.Method.invoke(Method.java:580) ~[na:na]
	at org.springframework.boot.devtools.restart.RestartLauncher.run(RestartLauncher.java:50) ~[spring-boot-devtools-3.4.4.jar:3.4.4]

2025-04-28T09:50:09.162+05:30  INFO 19464 --- [currency-service] [restartedMain] [                                                 ] j.LocalContainerEntityManagerFactoryBean : Closing JPA EntityManagerFactory for persistence unit 'default'
2025-04-28T09:50:09.172+05:30  WARN 19464 --- [currency-service] [restartedMain] [                                                 ] o.s.b.f.support.DisposableBeanAdapter    : Invocation of destroy method failed on bean with name 'inMemoryDatabaseShutdownExecutor': org.h2.jdbc.JdbcSQLNonTransientConnectionException: Database is already closed (to disable automatic closing at VM shutdown, add ";DB_CLOSE_ON_EXIT=FALSE" to the db URL) [90121-232]
2025-04-28T09:50:09.173+05:30  INFO 19464 --- [currency-service] [restartedMain] [                                                 ] com.zaxxer.hikari.HikariDataSource       : HikariPool-1 - Shutdown initiated...
2025-04-28T09:50:09.175+05:30  INFO 19464 --- [currency-service] [restartedMain] [                                                 ] com.zaxxer.hikari.HikariDataSource       : HikariPool-1 - Shutdown completed.
2025-04-28T09:50:10.179+05:30  WARN 19464 --- [currency-service] [restartedMain] [                                                 ] z.r.i.AsyncReporter$BoundedAsyncReporter : Timed out waiting for in-flight spans to send
2025-04-28T09:50:10.191+05:30  INFO 19464 --- [currency-service] [restartedMain] [                                                 ] o.apache.catalina.core.StandardService   : Stopping service [Tomcat]
2025-04-28T09:50:10.228+05:30  INFO 19464 --- [currency-service] [restartedMain] [                                                 ] .s.b.a.l.ConditionEvaluationReportLogger : 

Error starting ApplicationContext. To display the condition evaluation report re-run your application with 'debug' enabled.
2025-04-28T09:50:10.282+05:30 ERROR 19464 --- [currency-service] [restartedMain] [                                                 ] o.s.boot.SpringApplication               : Application run failed

org.springframework.beans.factory.BeanCreationException: Error creating bean with name 'currencyController': Injection of autowired dependencies failed
	at org.springframework.beans.factory.annotation.AutowiredAnnotationBeanPostProcessor.postProcessProperties(AutowiredAnnotationBeanPostProcessor.java:515) ~[spring-beans-6.2.5.jar:6.2.5]
	at org.springframework.beans.factory.support.AbstractAutowireCapableBeanFactory.populateBean(AbstractAutowireCapableBeanFactory.java:1445) ~[spring-beans-6.2.5.jar:6.2.5]
	at org.springframework.beans.factory.support.AbstractAutowireCapableBeanFactory.doCreateBean(AbstractAutowireCapableBeanFactory.java:600) ~[spring-beans-6.2.5.jar:6.2.5]
	at org.springframework.beans.factory.support.AbstractAutowireCapableBeanFactory.createBean(AbstractAutowireCapableBeanFactory.java:523) ~[spring-beans-6.2.5.jar:6.2.5]
	at org.springframework.beans.factory.support.AbstractBeanFactory.lambda$doGetBean$0(AbstractBeanFactory.java:339) ~[spring-beans-6.2.5.jar:6.2.5]
	at org.springframework.beans.factory.support.DefaultSingletonBeanRegistry.getSingleton(DefaultSingletonBeanRegistry.java:347) ~[spring-beans-6.2.5.jar:6.2.5]
	at org.springframework.beans.factory.support.AbstractBeanFactory.doGetBean(AbstractBeanFactory.java:337) ~[spring-beans-6.2.5.jar:6.2.5]
	at org.springframework.beans.factory.support.AbstractBeanFactory.getBean(AbstractBeanFactory.java:202) ~[spring-beans-6.2.5.jar:6.2.5]
	at org.springframework.beans.factory.support.DefaultListableBeanFactory.instantiateSingleton(DefaultListableBeanFactory.java:1155) ~[spring-beans-6.2.5.jar:6.2.5]
	at org.springframework.beans.factory.support.DefaultListableBeanFactory.preInstantiateSingleton(DefaultListableBeanFactory.java:1121) ~[spring-beans-6.2.5.jar:6.2.5]
	at org.springframework.beans.factory.support.DefaultListableBeanFactory.preInstantiateSingletons(DefaultListableBeanFactory.java:1056) ~[spring-beans-6.2.5.jar:6.2.5]
	at org.springframework.context.support.AbstractApplicationContext.finishBeanFactoryInitialization(AbstractApplicationContext.java:987) ~[spring-context-6.2.5.jar:6.2.5]
	at org.springframework.context.support.AbstractApplicationContext.refresh(AbstractApplicationContext.java:627) ~[spring-context-6.2.5.jar:6.2.5]
	at org.springframework.boot.web.servlet.context.ServletWebServerApplicationContext.refresh(ServletWebServerApplicationContext.java:146) ~[spring-boot-3.4.4.jar:3.4.4]
	at org.springframework.boot.SpringApplication.refresh(SpringApplication.java:752) ~[spring-boot-3.4.4.jar:3.4.4]
	at org.springframework.boot.SpringApplication.refreshContext(SpringApplication.java:439) ~[spring-boot-3.4.4.jar:3.4.4]
	at org.springframework.boot.SpringApplication.run(SpringApplication.java:318) ~[spring-boot-3.4.4.jar:3.4.4]
	at org.springframework.boot.SpringApplication.run(SpringApplication.java:1361) ~[spring-boot-3.4.4.jar:3.4.4]
	at org.springframework.boot.SpringApplication.run(SpringApplication.java:1350) ~[spring-boot-3.4.4.jar:3.4.4]
	at com.lokesh.currency.CurrencyServiceApplication.main(CurrencyServiceApplication.java:13) ~[classes/:na]
	at java.base/jdk.internal.reflect.DirectMethodHandleAccessor.invoke(DirectMethodHandleAccessor.java:103) ~[na:na]
	at java.base/java.lang.reflect.Method.invoke(Method.java:580) ~[na:na]
	at org.springframework.boot.devtools.restart.RestartLauncher.run(RestartLauncher.java:50) ~[spring-boot-devtools-3.4.4.jar:3.4.4]
Caused by: org.springframework.util.PlaceholderResolutionException: Could not resolve placeholder 'my.custom.property' in value "${my.custom.property}"
	at org.springframework.util.PlaceholderResolutionException.withValue(PlaceholderResolutionException.java:81) ~[spring-core-6.2.5.jar:6.2.5]
	at org.springframework.util.PlaceholderParser$ParsedValue.resolve(PlaceholderParser.java:423) ~[spring-core-6.2.5.jar:6.2.5]
	at org.springframework.util.PlaceholderParser.replacePlaceholders(PlaceholderParser.java:128) ~[spring-core-6.2.5.jar:6.2.5]
	at org.springframework.util.PropertyPlaceholderHelper.parseStringValue(PropertyPlaceholderHelper.java:118) ~[spring-core-6.2.5.jar:6.2.5]
	at org.springframework.util.PropertyPlaceholderHelper.replacePlaceholders(PropertyPlaceholderHelper.java:114) ~[spring-core-6.2.5.jar:6.2.5]
	at org.springframework.core.env.AbstractPropertyResolver.doResolvePlaceholders(AbstractPropertyResolver.java:255) ~[spring-core-6.2.5.jar:6.2.5]
	at org.springframework.core.env.AbstractPropertyResolver.resolveRequiredPlaceholders(AbstractPropertyResolver.java:226) ~[spring-core-6.2.5.jar:6.2.5]
	at org.springframework.context.support.PropertySourcesPlaceholderConfigurer.lambda$processProperties$0(PropertySourcesPlaceholderConfigurer.java:201) ~[spring-context-6.2.5.jar:6.2.5]
	at org.springframework.beans.factory.support.AbstractBeanFactory.resolveEmbeddedValue(AbstractBeanFactory.java:971) ~[spring-beans-6.2.5.jar:6.2.5]
	at org.springframework.beans.factory.support.DefaultListableBeanFactory.doResolveDependency(DefaultListableBeanFactory.java:1577) ~[spring-beans-6.2.5.jar:6.2.5]
	at org.springframework.beans.factory.support.DefaultListableBeanFactory.resolveDependency(DefaultListableBeanFactory.java:1555) ~[spring-beans-6.2.5.jar:6.2.5]
	at org.springframework.beans.factory.annotation.AutowiredAnnotationBeanPostProcessor$AutowiredFieldElement.resolveFieldValue(AutowiredAnnotationBeanPostProcessor.java:785) ~[spring-beans-6.2.5.jar:6.2.5]
	at org.springframework.beans.factory.annotation.AutowiredAnnotationBeanPostProcessor$AutowiredFieldElement.inject(AutowiredAnnotationBeanPostProcessor.java:768) ~[spring-beans-6.2.5.jar:6.2.5]
	at org.springframework.beans.factory.annotation.InjectionMetadata.inject(InjectionMetadata.java:146) ~[spring-beans-6.2.5.jar:6.2.5]
	at org.springframework.beans.factory.annotation.AutowiredAnnotationBeanPostProcessor.postProcessProperties(AutowiredAnnotationBeanPostProcessor.java:509) ~[spring-beans-6.2.5.jar:6.2.5]
	... 22 common frames omitted

2025-04-28T09:51:17.231+05:30  INFO 3844 --- [currency-service] [restartedMain] [                                                 ] c.l.currency.CurrencyServiceApplication  : Starting CurrencyServiceApplication using Java 21.0.6 with PID 3844 (D:\SpringMicroservices\currency-service\target\classes started by gopic in D:\SpringMicroservices\currency-service)
2025-04-28T09:51:17.238+05:30  INFO 3844 --- [currency-service] [restartedMain] [                                                 ] c.l.currency.CurrencyServiceApplication  : The following 1 profile is active: "dev"
2025-04-28T09:51:17.323+05:30  INFO 3844 --- [currency-service] [restartedMain] [                                                 ] o.s.c.c.c.ConfigServerConfigDataLoader   : Fetching config from server at : http://localhost:8888
2025-04-28T09:51:17.323+05:30  INFO 3844 --- [currency-service] [restartedMain] [                                                 ] o.s.c.c.c.ConfigServerConfigDataLoader   : Located environment: name=currency-service, profiles=[default], label=null, version=ce6838534f35ca0d1b94b1a041da84d2cb996612, state=
2025-04-28T09:51:17.324+05:30  INFO 3844 --- [currency-service] [restartedMain] [                                                 ] o.s.c.c.c.ConfigServerConfigDataLoader   : Fetching config from server at : http://localhost:8888
2025-04-28T09:51:17.324+05:30  INFO 3844 --- [currency-service] [restartedMain] [                                                 ] o.s.c.c.c.ConfigServerConfigDataLoader   : Located environment: name=currency-service, profiles=[dev], label=null, version=ce6838534f35ca0d1b94b1a041da84d2cb996612, state=
2025-04-28T09:51:17.327+05:30  INFO 3844 --- [currency-service] [restartedMain] [                                                 ] .e.DevToolsPropertyDefaultsPostProcessor : Devtools property defaults active! Set 'spring.devtools.add-properties' to 'false' to disable
2025-04-28T09:51:17.328+05:30  INFO 3844 --- [currency-service] [restartedMain] [                                                 ] .e.DevToolsPropertyDefaultsPostProcessor : For additional web related logging consider setting the 'logging.level.web' property to 'DEBUG'
2025-04-28T09:51:19.456+05:30  INFO 3844 --- [currency-service] [restartedMain] [                                                 ] .s.d.r.c.RepositoryConfigurationDelegate : Bootstrapping Spring Data JPA repositories in DEFAULT mode.
2025-04-28T09:51:19.680+05:30  INFO 3844 --- [currency-service] [restartedMain] [                                                 ] .s.d.r.c.RepositoryConfigurationDelegate : Finished Spring Data repository scanning in 207 ms. Found 1 JPA repository interface.
2025-04-28T09:51:20.347+05:30  INFO 3844 --- [currency-service] [restartedMain] [                                                 ] o.s.cloud.context.scope.GenericScope     : BeanFactory id=c260d5ec-2321-37e3-9367-624830a4bbc1
2025-04-28T09:51:21.724+05:30  INFO 3844 --- [currency-service] [restartedMain] [                                                 ] o.s.b.w.embedded.tomcat.TomcatWebServer  : Tomcat initialized with port 8085 (http)
2025-04-28T09:51:21.744+05:30  INFO 3844 --- [currency-service] [restartedMain] [                                                 ] o.apache.catalina.core.StandardService   : Starting service [Tomcat]
2025-04-28T09:51:21.745+05:30  INFO 3844 --- [currency-service] [restartedMain] [                                                 ] o.apache.catalina.core.StandardEngine    : Starting Servlet engine: [Apache Tomcat/10.1.39]
2025-04-28T09:51:21.845+05:30  INFO 3844 --- [currency-service] [restartedMain] [                                                 ] o.a.c.c.C.[Tomcat].[localhost].[/]       : Initializing Spring embedded WebApplicationContext
2025-04-28T09:51:21.846+05:30  INFO 3844 --- [currency-service] [restartedMain] [                                                 ] w.s.c.ServletWebServerApplicationContext : Root WebApplicationContext: initialization completed in 4517 ms
2025-04-28T09:51:23.133+05:30  INFO 3844 --- [currency-service] [restartedMain] [                                                 ] o.hibernate.jpa.internal.util.LogHelper  : HHH000204: Processing PersistenceUnitInfo [name: default]
2025-04-28T09:51:23.216+05:30  INFO 3844 --- [currency-service] [restartedMain] [                                                 ] org.hibernate.Version                    : HHH000412: Hibernate ORM core version 6.6.11.Final
2025-04-28T09:51:23.276+05:30  INFO 3844 --- [currency-service] [restartedMain] [                                                 ] o.h.c.internal.RegionFactoryInitiator    : HHH000026: Second-level cache disabled
2025-04-28T09:51:23.701+05:30  INFO 3844 --- [currency-service] [restartedMain] [                                                 ] o.s.o.j.p.SpringPersistenceUnitInfo      : No LoadTimeWeaver setup: ignoring JPA class transformer
2025-04-28T09:51:23.754+05:30  INFO 3844 --- [currency-service] [restartedMain] [                                                 ] com.zaxxer.hikari.HikariDataSource       : HikariPool-1 - Starting...
2025-04-28T09:51:24.055+05:30  INFO 3844 --- [currency-service] [restartedMain] [                                                 ] com.zaxxer.hikari.pool.HikariPool        : HikariPool-1 - Added connection conn0: url=jdbc:h2:mem:testdb user=SA
2025-04-28T09:51:24.059+05:30  INFO 3844 --- [currency-service] [restartedMain] [                                                 ] com.zaxxer.hikari.HikariDataSource       : HikariPool-1 - Start completed.
2025-04-28T09:51:24.115+05:30  WARN 3844 --- [currency-service] [restartedMain] [                                                 ] org.hibernate.orm.deprecation            : HHH90000025: H2Dialect does not need to be specified explicitly using 'hibernate.dialect' (remove the property setting and it will be selected by default)
2025-04-28T09:51:24.157+05:30  INFO 3844 --- [currency-service] [restartedMain] [                                                 ] org.hibernate.orm.connections.pooling    : HHH10001005: Database info:
	Database JDBC URL [Connecting through datasource 'HikariDataSource (HikariPool-1)']
	Database driver: undefined/unknown
	Database version: 2.3.232
	Autocommit mode: undefined/unknown
	Isolation level: undefined/unknown
	Minimum pool size: undefined/unknown
	Maximum pool size: undefined/unknown
2025-04-28T09:51:25.320+05:30  INFO 3844 --- [currency-service] [restartedMain] [                                                 ] o.h.e.t.j.p.i.JtaPlatformInitiator       : HHH000489: No JTA platform available (set 'hibernate.transaction.jta.platform' to enable JTA platform integration)
2025-04-28T09:51:25.369+05:30  INFO 3844 --- [currency-service] [restartedMain] [                                                 ] j.LocalContainerEntityManagerFactoryBean : Initialized JPA EntityManagerFactory for persistence unit 'default'
2025-04-28T09:51:25.935+05:30  WARN 3844 --- [currency-service] [restartedMain] [                                                 ] JpaBaseConfiguration$JpaWebConfiguration : spring.jpa.open-in-view is enabled by default. Therefore, database queries may be performed during view rendering. Explicitly configure spring.jpa.open-in-view to disable this warning
2025-04-28T09:51:26.131+05:30  WARN 3844 --- [currency-service] [restartedMain] [                                                 ] o.s.b.d.a.OptionalLiveReloadServer       : Unable to start LiveReload server
2025-04-28T09:51:26.226+05:30  INFO 3844 --- [currency-service] [restartedMain] [                                                 ] o.s.c.openfeign.FeignClientFactoryBean   : For 'currency-exchange' URL not provided. Will try picking an instance via load-balancing.
2025-04-28T09:51:28.520+05:30  INFO 3844 --- [currency-service] [restartedMain] [                                                 ] o.s.b.a.h2.H2ConsoleAutoConfiguration    : H2 console available at '/h2-console'. Database available at 'jdbc:h2:mem:testdb'
2025-04-28T09:51:28.741+05:30  INFO 3844 --- [currency-service] [restartedMain] [                                                 ] DiscoveryClientOptionalArgsConfiguration : Eureka HTTP Client uses RestTemplate.
2025-04-28T09:51:28.881+05:30  WARN 3844 --- [currency-service] [restartedMain] [                                                 ] iguration$LoadBalancerCaffeineWarnLogger : Spring Cloud LoadBalancer is currently working with the default cache. While this cache implementation is useful for development and tests, it's recommended to use Caffeine cache in production.You can switch to using Caffeine cache, by adding it and org.springframework.cache.caffeine.CaffeineCacheManager to the classpath.
2025-04-28T09:51:28.966+05:30  INFO 3844 --- [currency-service] [restartedMain] [                                                 ] o.s.b.a.e.web.EndpointLinksResolver      : Exposing 28 endpoints beneath base path '/actuator'
2025-04-28T09:51:29.097+05:30  INFO 3844 --- [currency-service] [restartedMain] [                                                 ] o.s.c.n.eureka.InstanceInfoFactory       : Setting initial instance status as: STARTING
2025-04-28T09:51:29.137+05:30  INFO 3844 --- [currency-service] [restartedMain] [                                                 ] com.netflix.discovery.DiscoveryClient    : Initializing Eureka in region us-east-1
2025-04-28T09:51:29.141+05:30  INFO 3844 --- [currency-service] [restartedMain] [                                                 ] c.n.d.s.r.aws.ConfigClusterResolver      : Resolving eureka endpoints via configuration
2025-04-28T09:51:29.152+05:30  INFO 3844 --- [currency-service] [restartedMain] [                                                 ] com.netflix.discovery.DiscoveryClient    : Disable delta property : false
2025-04-28T09:51:29.152+05:30  INFO 3844 --- [currency-service] [restartedMain] [                                                 ] com.netflix.discovery.DiscoveryClient    : Single vip registry refresh property : null
2025-04-28T09:51:29.153+05:30  INFO 3844 --- [currency-service] [restartedMain] [                                                 ] com.netflix.discovery.DiscoveryClient    : Force full registry fetch : false
2025-04-28T09:51:29.153+05:30  INFO 3844 --- [currency-service] [restartedMain] [                                                 ] com.netflix.discovery.DiscoveryClient    : Application is null : false
2025-04-28T09:51:29.153+05:30  INFO 3844 --- [currency-service] [restartedMain] [                                                 ] com.netflix.discovery.DiscoveryClient    : Registered Applications size is zero : true
2025-04-28T09:51:29.153+05:30  INFO 3844 --- [currency-service] [restartedMain] [                                                 ] com.netflix.discovery.DiscoveryClient    : Application version is -1: true
2025-04-28T09:51:29.154+05:30  INFO 3844 --- [currency-service] [restartedMain] [                                                 ] com.netflix.discovery.DiscoveryClient    : Getting all instance registry info from the eureka server
2025-04-28T09:51:29.370+05:30  INFO 3844 --- [currency-service] [restartedMain] [                                                 ] com.netflix.discovery.DiscoveryClient    : The response status is 200
2025-04-28T09:51:29.373+05:30  INFO 3844 --- [currency-service] [restartedMain] [                                                 ] com.netflix.discovery.DiscoveryClient    : Starting heartbeat executor: renew interval is: 30
2025-04-28T09:51:29.375+05:30  INFO 3844 --- [currency-service] [restartedMain] [                                                 ] c.n.discovery.InstanceInfoReplicator     : InstanceInfoReplicator onDemand update allowed rate per min is 4
2025-04-28T09:51:29.378+05:30  INFO 3844 --- [currency-service] [restartedMain] [                                                 ] com.netflix.discovery.DiscoveryClient    : Discovery Client initialized at timestamp 1745814089378 with initial instances count: 2
2025-04-28T09:51:29.398+05:30  INFO 3844 --- [currency-service] [restartedMain] [                                                 ] o.s.c.n.e.s.EurekaServiceRegistry        : Registering application CURRENCY-SERVICE with eureka with status UP
2025-04-28T09:51:29.399+05:30  INFO 3844 --- [currency-service] [restartedMain] [                                                 ] com.netflix.discovery.DiscoveryClient    : Saw local status change event StatusChangeEvent [timestamp=1745814089399, current=UP, previous=STARTING]
2025-04-28T09:51:29.402+05:30  INFO 3844 --- [currency-service] [DiscoveryClient-InstanceInfoReplicator-%d] [                                                 ] com.netflix.discovery.DiscoveryClient    : DiscoveryClient_CURRENCY-SERVICE/Gopichand:currency-service:8085: registering service...
2025-04-28T09:51:29.431+05:30  INFO 3844 --- [currency-service] [restartedMain] [                                                 ] o.s.b.w.embedded.tomcat.TomcatWebServer  : Tomcat started on port 8085 (http) with context path '/'
2025-04-28T09:51:29.431+05:30  INFO 3844 --- [currency-service] [restartedMain] [                                                 ] .s.c.n.e.s.EurekaAutoServiceRegistration : Updating port to 8085
2025-04-28T09:51:29.458+05:30  INFO 3844 --- [currency-service] [restartedMain] [                                                 ] c.l.currency.CurrencyServiceApplication  : Started CurrencyServiceApplication in 18.169 seconds (process running for 19.676)
2025-04-28T09:51:29.460+05:30  INFO 3844 --- [currency-service] [DiscoveryClient-InstanceInfoReplicator-%d] [                                                 ] com.netflix.discovery.DiscoveryClient    : DiscoveryClient_CURRENCY-SERVICE/Gopichand:currency-service:8085 - registration status: 204
2025-04-28T09:51:29.903+05:30  INFO 3844 --- [currency-service] [registrationTask1] [                                                 ] d.c.b.a.c.r.ApplicationRegistrator       : Application registered itself as 755fc9018fe1
2025-04-28T09:51:30.036+05:30  INFO 3844 --- [currency-service] [RMI TCP Connection(9)-127.0.0.1] [                                                 ] o.a.c.c.C.[Tomcat].[localhost].[/]       : Initializing Spring DispatcherServlet 'dispatcherServlet'
2025-04-28T09:51:30.037+05:30  INFO 3844 --- [currency-service] [RMI TCP Connection(9)-127.0.0.1] [                                                 ] o.s.web.servlet.DispatcherServlet        : Initializing Servlet 'dispatcherServlet'
2025-04-28T09:51:30.040+05:30  INFO 3844 --- [currency-service] [RMI TCP Connection(9)-127.0.0.1] [                                                 ] o.s.web.servlet.DispatcherServlet        : Completed initialization in 3 ms
2025-04-28T09:51:30.408+05:30  WARN 3844 --- [currency-service] [AsyncReporter{ZipkinRestTemplateSender{http://localhost:9411/api/v2/spans}}] [                                                 ] z.r.i.AsyncReporter$BoundedAsyncReporter : Spans were dropped due to exceptions. All subsequent errors will be logged at FINE level.
2025-04-28T09:51:30.408+05:30  WARN 3844 --- [currency-service] [AsyncReporter{ZipkinRestTemplateSender{http://localhost:9411/api/v2/spans}}] [                                                 ] z.r.i.AsyncReporter$BoundedAsyncReporter : Dropped 5 spans due to ResourceAccessException(I/O error on POST request for "http://localhost:9411/api/v2/spans": Connect to http://localhost:9411 [localhost/127.0.0.1, localhost/0:0:0:0:0:0:0:1] failed: Connection refused: getsockopt)

org.springframework.web.client.ResourceAccessException: I/O error on POST request for "http://localhost:9411/api/v2/spans": Connect to http://localhost:9411 [localhost/127.0.0.1, localhost/0:0:0:0:0:0:0:1] failed: Connection refused: getsockopt
	at org.springframework.web.client.RestTemplate.createResourceAccessException(RestTemplate.java:926) ~[spring-web-6.2.5.jar:6.2.5]
	at org.springframework.web.client.RestTemplate.doExecute(RestTemplate.java:906) ~[spring-web-6.2.5.jar:6.2.5]
	at org.springframework.web.client.RestTemplate.execute(RestTemplate.java:841) ~[spring-web-6.2.5.jar:6.2.5]
	at org.springframework.web.client.RestTemplate.exchange(RestTemplate.java:702) ~[spring-web-6.2.5.jar:6.2.5]
	at org.springframework.boot.actuate.autoconfigure.tracing.zipkin.ZipkinRestTemplateSender.postSpans(ZipkinRestTemplateSender.java:50) ~[spring-boot-actuator-autoconfigure-3.4.4.jar:3.4.4]
	at org.springframework.boot.actuate.autoconfigure.tracing.zipkin.HttpSender.postSpans(HttpSender.java:69) ~[spring-boot-actuator-autoconfigure-3.4.4.jar:3.4.4]
	at org.springframework.boot.actuate.autoconfigure.tracing.zipkin.HttpSender.postSpans(HttpSender.java:41) ~[spring-boot-actuator-autoconfigure-3.4.4.jar:3.4.4]
	at zipkin2.reporter.BaseHttpSender.send(BaseHttpSender.java:123) ~[zipkin-reporter-3.4.3.jar:na]
	at zipkin2.reporter.internal.AsyncReporter$BoundedAsyncReporter.flush(AsyncReporter.java:266) ~[zipkin-reporter-3.4.3.jar:na]
	at zipkin2.reporter.internal.AsyncReporter$Flusher.run(AsyncReporter.java:352) ~[zipkin-reporter-3.4.3.jar:na]
	at java.base/java.lang.Thread.run(Thread.java:1583) ~[na:na]
Caused by: org.apache.hc.client5.http.HttpHostConnectException: Connect to http://localhost:9411 [localhost/127.0.0.1, localhost/0:0:0:0:0:0:0:1] failed: Connection refused: getsockopt
	at java.base/sun.nio.ch.Net.pollConnect(Native Method) ~[na:na]
	at java.base/sun.nio.ch.Net.pollConnectNow(Net.java:682) ~[na:na]
	at java.base/sun.nio.ch.NioSocketImpl.timedFinishConnect(NioSocketImpl.java:542) ~[na:na]
	at java.base/sun.nio.ch.NioSocketImpl.connect(NioSocketImpl.java:592) ~[na:na]
	at java.base/java.net.SocksSocketImpl.connect(SocksSocketImpl.java:327) ~[na:na]
	at java.base/java.net.Socket.connect(Socket.java:751) ~[na:na]
	at org.apache.hc.client5.http.impl.io.DefaultHttpClientConnectionOperator.connect(DefaultHttpClientConnectionOperator.java:216) ~[httpclient5-5.4.2.jar:5.4.2]
	at org.apache.hc.client5.http.impl.io.PoolingHttpClientConnectionManager.connect(PoolingHttpClientConnectionManager.java:490) ~[httpclient5-5.4.2.jar:5.4.2]
	at org.apache.hc.client5.http.impl.classic.InternalExecRuntime.connectEndpoint(InternalExecRuntime.java:164) ~[httpclient5-5.4.2.jar:5.4.2]
	at org.apache.hc.client5.http.impl.classic.InternalExecRuntime.connectEndpoint(InternalExecRuntime.java:174) ~[httpclient5-5.4.2.jar:5.4.2]
	at org.apache.hc.client5.http.impl.classic.ConnectExec.execute(ConnectExec.java:144) ~[httpclient5-5.4.2.jar:5.4.2]
	at org.apache.hc.client5.http.impl.classic.ExecChainElement.execute(ExecChainElement.java:51) ~[httpclient5-5.4.2.jar:5.4.2]
	at org.apache.hc.client5.http.impl.classic.ProtocolExec.execute(ProtocolExec.java:192) ~[httpclient5-5.4.2.jar:5.4.2]
	at org.apache.hc.client5.http.impl.classic.ExecChainElement.execute(ExecChainElement.java:51) ~[httpclient5-5.4.2.jar:5.4.2]
	at org.apache.hc.client5.http.impl.classic.ContentCompressionExec.execute(ContentCompressionExec.java:150) ~[httpclient5-5.4.2.jar:5.4.2]
	at org.apache.hc.client5.http.impl.classic.ExecChainElement.execute(ExecChainElement.java:51) ~[httpclient5-5.4.2.jar:5.4.2]
	at org.apache.hc.client5.http.impl.classic.HttpRequestRetryExec.execute(HttpRequestRetryExec.java:113) ~[httpclient5-5.4.2.jar:5.4.2]
	at org.apache.hc.client5.http.impl.classic.ExecChainElement.execute(ExecChainElement.java:51) ~[httpclient5-5.4.2.jar:5.4.2]
	at org.apache.hc.client5.http.impl.classic.RedirectExec.execute(RedirectExec.java:110) ~[httpclient5-5.4.2.jar:5.4.2]
	at org.apache.hc.client5.http.impl.classic.ExecChainElement.execute(ExecChainElement.java:51) ~[httpclient5-5.4.2.jar:5.4.2]
	at org.apache.hc.client5.http.impl.classic.InternalHttpClient.doExecute(InternalHttpClient.java:174) ~[httpclient5-5.4.2.jar:5.4.2]
	at org.apache.hc.client5.http.impl.classic.CloseableHttpClient.execute(CloseableHttpClient.java:87) ~[httpclient5-5.4.2.jar:5.4.2]
	at org.apache.hc.client5.http.impl.classic.CloseableHttpClient.execute(CloseableHttpClient.java:55) ~[httpclient5-5.4.2.jar:5.4.2]
	at org.apache.hc.client5.http.classic.HttpClient.executeOpen(HttpClient.java:183) ~[httpclient5-5.4.2.jar:5.4.2]
	at org.springframework.http.client.HttpComponentsClientHttpRequest.executeInternal(HttpComponentsClientHttpRequest.java:99) ~[spring-web-6.2.5.jar:6.2.5]
	at org.springframework.http.client.AbstractStreamingClientHttpRequest.executeInternal(AbstractStreamingClientHttpRequest.java:71) ~[spring-web-6.2.5.jar:6.2.5]
	at org.springframework.http.client.AbstractClientHttpRequest.execute(AbstractClientHttpRequest.java:81) ~[spring-web-6.2.5.jar:6.2.5]
	at org.springframework.web.client.RestTemplate.doExecute(RestTemplate.java:900) ~[spring-web-6.2.5.jar:6.2.5]
	... 9 common frames omitted

2025-04-28T09:52:26.597+05:30  INFO 3844 --- [currency-service] [http-nio-8085-exec-7] [680f0282a001b90bbc502b0bf1d9cd33-bc502b0bf1d9cd33] c.l.c.contoller.CurrencyController       : This is Info logCurrencyRequest(fromCurrency=USD, toCurrency=INR, quantity=10)
2025-04-28T09:52:27.391+05:30  INFO 3844 --- [currency-service] [http-nio-8085-exec-7] [680f0282a001b90bbc502b0bf1d9cd33-bc502b0bf1d9cd33] c.l.c.contoller.CurrencyController       : The transaction completed 
2025-04-28T09:52:27.395+05:30  WARN 3844 --- [currency-service] [http-nio-8085-exec-7] [680f0282a001b90bbc502b0bf1d9cd33-bc502b0bf1d9cd33] c.l.c.contoller.CurrencyController       : The stored information areCurrencyDetails(id=1, fromCurrency=USD, toCurrency=INR, quantity=10, currencyRate=65.0, totalAmount=650.0)
2025-04-28T09:52:35.245+05:30  INFO 3844 --- [currency-service] [http-nio-8085-exec-8] [680f028b770de9f0eade56c3222a0117-eade56c3222a0117] c.l.c.contoller.CurrencyController       : This is Info logCurrencyRequest(fromCurrency=USD, toCurrency=INR, quantity=10)
2025-04-28T09:52:35.274+05:30  INFO 3844 --- [currency-service] [http-nio-8085-exec-8] [680f028b770de9f0eade56c3222a0117-eade56c3222a0117] c.l.c.contoller.CurrencyController       : The transaction completed 
2025-04-28T09:52:35.276+05:30  WARN 3844 --- [currency-service] [http-nio-8085-exec-8] [680f028b770de9f0eade56c3222a0117-eade56c3222a0117] c.l.c.contoller.CurrencyController       : The stored information areCurrencyDetails(id=2, fromCurrency=USD, toCurrency=INR, quantity=10, currencyRate=65.0, totalAmount=650.0)
2025-04-28T09:52:36.810+05:30  INFO 3844 --- [currency-service] [http-nio-8085-exec-9] [680f028c15c6706c7795cc4380a786e5-7795cc4380a786e5] c.l.c.contoller.CurrencyController       : This is Info logCurrencyRequest(fromCurrency=USD, toCurrency=INR, quantity=10)
2025-04-28T09:52:36.821+05:30  INFO 3844 --- [currency-service] [http-nio-8085-exec-9] [680f028c15c6706c7795cc4380a786e5-7795cc4380a786e5] c.l.c.contoller.CurrencyController       : The transaction completed 
2025-04-28T09:52:36.821+05:30  WARN 3844 --- [currency-service] [http-nio-8085-exec-9] [680f028c15c6706c7795cc4380a786e5-7795cc4380a786e5] c.l.c.contoller.CurrencyController       : The stored information areCurrencyDetails(id=3, fromCurrency=USD, toCurrency=INR, quantity=10, currencyRate=65.0, totalAmount=650.0)
2025-04-28T09:52:38.130+05:30  INFO 3844 --- [currency-service] [http-nio-8085-exec-10] [680f028edb4507153da3223a1905b177-3da3223a1905b177] c.l.c.contoller.CurrencyController       : This is Info logCurrencyRequest(fromCurrency=USD, toCurrency=INR, quantity=10)
2025-04-28T09:52:38.150+05:30  INFO 3844 --- [currency-service] [http-nio-8085-exec-10] [680f028edb4507153da3223a1905b177-3da3223a1905b177] c.l.c.contoller.CurrencyController       : The transaction completed 
2025-04-28T09:52:38.150+05:30  WARN 3844 --- [currency-service] [http-nio-8085-exec-10] [680f028edb4507153da3223a1905b177-3da3223a1905b177] c.l.c.contoller.CurrencyController       : The stored information areCurrencyDetails(id=4, fromCurrency=USD, toCurrency=INR, quantity=10, currencyRate=65.0, totalAmount=650.0)
2025-04-28T09:56:29.170+05:30  INFO 3844 --- [currency-service] [AsyncResolver-bootstrap-executor-%d] [                                                 ] c.n.d.s.r.aws.ConfigClusterResolver      : Resolving eureka endpoints via configuration
2025-04-28T10:01:29.174+05:30  INFO 3844 --- [currency-service] [AsyncResolver-bootstrap-executor-%d] [                                                 ] c.n.d.s.r.aws.ConfigClusterResolver      : Resolving eureka endpoints via configuration
2025-04-28T10:03:20.989+05:30  INFO 3844 --- [currency-service] [http-nio-8085-exec-10] [680f05106745bef13efda901d494a42b-3efda901d494a42b] c.l.c.contoller.CurrencyController       : This is Info logCurrencyRequest(fromCurrency=USD, toCurrency=INR, quantity=10)
2025-04-28T10:03:21.013+05:30  INFO 3844 --- [currency-service] [http-nio-8085-exec-10] [680f05106745bef13efda901d494a42b-3efda901d494a42b] c.l.c.contoller.CurrencyController       : The transaction completed 
2025-04-28T10:03:21.013+05:30  WARN 3844 --- [currency-service] [http-nio-8085-exec-10] [680f05106745bef13efda901d494a42b-3efda901d494a42b] c.l.c.contoller.CurrencyController       : The stored information areCurrencyDetails(id=5, fromCurrency=USD, toCurrency=INR, quantity=10, currencyRate=65.0, totalAmount=650.0)
2025-04-28T10:03:23.055+05:30  INFO 3844 --- [currency-service] [http-nio-8085-exec-2] [680f05135606df26da15fd01a274f8c7-da15fd01a274f8c7] c.l.c.contoller.CurrencyController       : This is Info logCurrencyRequest(fromCurrency=USD, toCurrency=INR, quantity=10)
2025-04-28T10:03:23.075+05:30  INFO 3844 --- [currency-service] [http-nio-8085-exec-2] [680f05135606df26da15fd01a274f8c7-da15fd01a274f8c7] c.l.c.contoller.CurrencyController       : The transaction completed 
2025-04-28T10:03:23.075+05:30  WARN 3844 --- [currency-service] [http-nio-8085-exec-2] [680f05135606df26da15fd01a274f8c7-da15fd01a274f8c7] c.l.c.contoller.CurrencyController       : The stored information areCurrencyDetails(id=6, fromCurrency=USD, toCurrency=INR, quantity=10, currencyRate=65.0, totalAmount=650.0)
2025-04-28T10:06:29.179+05:30  INFO 3844 --- [currency-service] [AsyncResolver-bootstrap-executor-%d] [                                                 ] c.n.d.s.r.aws.ConfigClusterResolver      : Resolving eureka endpoints via configuration
2025-04-28T10:06:30.671+05:30  INFO 3844 --- [currency-service] [File Watcher] [                                                 ] rtingClassPathChangeChangedEventListener : Restarting due to 4 class path changes (1 addition, 0 deletions, 3 modifications)
2025-04-28T10:06:30.674+05:30  INFO 3844 --- [currency-service] [Thread-1] [                                                 ] o.s.c.n.e.s.EurekaServiceRegistry        : Unregistering application CURRENCY-SERVICE with eureka with status DOWN
2025-04-28T10:06:30.675+05:30  INFO 3844 --- [currency-service] [Thread-1] [                                                 ] com.netflix.discovery.DiscoveryClient    : Saw local status change event StatusChangeEvent [timestamp=1745814990675, current=DOWN, previous=UP]
2025-04-28T10:06:30.675+05:30  INFO 3844 --- [currency-service] [DiscoveryClient-InstanceInfoReplicator-%d] [                                                 ] com.netflix.discovery.DiscoveryClient    : DiscoveryClient_CURRENCY-SERVICE/Gopichand:currency-service:8085: registering service...
2025-04-28T10:06:30.681+05:30  INFO 3844 --- [currency-service] [Thread-1] [                                                 ] o.s.b.w.e.tomcat.GracefulShutdown        : Commencing graceful shutdown. Waiting for active requests to complete
2025-04-28T10:06:30.682+05:30  INFO 3844 --- [currency-service] [DiscoveryClient-InstanceInfoReplicator-%d] [                                                 ] com.netflix.discovery.DiscoveryClient    : DiscoveryClient_CURRENCY-SERVICE/Gopichand:currency-service:8085 - registration status: 204
2025-04-28T10:06:30.695+05:30  INFO 3844 --- [currency-service] [tomcat-shutdown] [                                                 ] o.s.b.w.e.tomcat.GracefulShutdown        : Graceful shutdown complete
2025-04-28T10:06:30.714+05:30  INFO 3844 --- [currency-service] [Thread-1] [                                                 ] j.LocalContainerEntityManagerFactoryBean : Closing JPA EntityManagerFactory for persistence unit 'default'
2025-04-28T10:06:30.725+05:30  WARN 3844 --- [currency-service] [Thread-1] [                                                 ] o.s.b.f.support.DisposableBeanAdapter    : Invocation of destroy method failed on bean with name 'inMemoryDatabaseShutdownExecutor': org.h2.jdbc.JdbcSQLNonTransientConnectionException: Database is already closed (to disable automatic closing at VM shutdown, add ";DB_CLOSE_ON_EXIT=FALSE" to the db URL) [90121-232]
2025-04-28T10:06:30.727+05:30  INFO 3844 --- [currency-service] [Thread-1] [                                                 ] com.zaxxer.hikari.HikariDataSource       : HikariPool-1 - Shutdown initiated...
2025-04-28T10:06:30.729+05:30  INFO 3844 --- [currency-service] [Thread-1] [                                                 ] com.zaxxer.hikari.HikariDataSource       : HikariPool-1 - Shutdown completed.
2025-04-28T10:06:31.228+05:30  INFO 3844 --- [currency-service] [Thread-1] [                                                 ] com.netflix.discovery.DiscoveryClient    : Shutting down DiscoveryClient ...
2025-04-28T10:06:34.243+05:30  INFO 3844 --- [currency-service] [Thread-1] [                                                 ] com.netflix.discovery.DiscoveryClient    : Unregistering ...
2025-04-28T10:06:34.263+05:30  INFO 3844 --- [currency-service] [Thread-1] [                                                 ] com.netflix.discovery.DiscoveryClient    : DiscoveryClient_CURRENCY-SERVICE/Gopichand:currency-service:8085 - deregister  status: 200
2025-04-28T10:06:34.263+05:30  INFO 3844 --- [currency-service] [Thread-1] [                                                 ] com.netflix.discovery.DiscoveryClient    : Completed shut down of DiscoveryClient
2025-04-28T10:06:36.724+05:30  INFO 3844 --- [currency-service] [restartedMain] [                                                 ] c.l.currency.CurrencyServiceApplication  : Starting CurrencyServiceApplication using Java 21.0.6 with PID 3844 (D:\SpringMicroservices\currency-service\target\classes started by gopic in D:\SpringMicroservices\currency-service)
2025-04-28T10:06:36.724+05:30  INFO 3844 --- [currency-service] [restartedMain] [                                                 ] c.l.currency.CurrencyServiceApplication  : The following 1 profile is active: "dev"
2025-04-28T10:06:36.728+05:30  INFO 3844 --- [currency-service] [restartedMain] [                                                 ] o.s.c.c.c.ConfigServerConfigDataLoader   : Fetching config from server at : http://localhost:8888
2025-04-28T10:06:36.728+05:30  INFO 3844 --- [currency-service] [restartedMain] [                                                 ] o.s.c.c.c.ConfigServerConfigDataLoader   : Located environment: name=currency-service, profiles=[default], label=null, version=ce6838534f35ca0d1b94b1a041da84d2cb996612, state=
2025-04-28T10:06:36.728+05:30  INFO 3844 --- [currency-service] [restartedMain] [                                                 ] o.s.c.c.c.ConfigServerConfigDataLoader   : Fetching config from server at : http://localhost:8888
2025-04-28T10:06:36.728+05:30  INFO 3844 --- [currency-service] [restartedMain] [                                                 ] o.s.c.c.c.ConfigServerConfigDataLoader   : Located environment: name=currency-service, profiles=[dev], label=null, version=ce6838534f35ca0d1b94b1a041da84d2cb996612, state=
2025-04-28T10:06:37.546+05:30  INFO 3844 --- [currency-service] [restartedMain] [                                                 ] .s.d.r.c.RepositoryConfigurationDelegate : Bootstrapping Spring Data JPA repositories in DEFAULT mode.
2025-04-28T10:06:37.565+05:30  INFO 3844 --- [currency-service] [restartedMain] [                                                 ] .s.d.r.c.RepositoryConfigurationDelegate : Finished Spring Data repository scanning in 16 ms. Found 1 JPA repository interface.
2025-04-28T10:06:37.815+05:30  INFO 3844 --- [currency-service] [restartedMain] [                                                 ] o.s.cloud.context.scope.GenericScope     : BeanFactory id=c260d5ec-2321-37e3-9367-624830a4bbc1
2025-04-28T10:06:38.307+05:30  INFO 3844 --- [currency-service] [restartedMain] [                                                 ] o.s.b.w.embedded.tomcat.TomcatWebServer  : Tomcat initialized with port 8085 (http)
2025-04-28T10:06:38.311+05:30  INFO 3844 --- [currency-service] [restartedMain] [                                                 ] o.apache.catalina.core.StandardService   : Starting service [Tomcat]
2025-04-28T10:06:38.312+05:30  INFO 3844 --- [currency-service] [restartedMain] [                                                 ] o.apache.catalina.core.StandardEngine    : Starting Servlet engine: [Apache Tomcat/10.1.39]
2025-04-28T10:06:38.398+05:30  INFO 3844 --- [currency-service] [restartedMain] [                                                 ] o.a.c.c.C.[Tomcat].[localhost].[/]       : Initializing Spring embedded WebApplicationContext
2025-04-28T10:06:38.398+05:30  INFO 3844 --- [currency-service] [restartedMain] [                                                 ] w.s.c.ServletWebServerApplicationContext : Root WebApplicationContext: initialization completed in 1670 ms
2025-04-28T10:06:39.109+05:30  INFO 3844 --- [currency-service] [restartedMain] [                                                 ] o.hibernate.jpa.internal.util.LogHelper  : HHH000204: Processing PersistenceUnitInfo [name: default]
2025-04-28T10:06:39.114+05:30  INFO 3844 --- [currency-service] [restartedMain] [                                                 ] o.h.c.internal.RegionFactoryInitiator    : HHH000026: Second-level cache disabled
2025-04-28T10:06:39.144+05:30  INFO 3844 --- [currency-service] [restartedMain] [                                                 ] o.s.o.j.p.SpringPersistenceUnitInfo      : No LoadTimeWeaver setup: ignoring JPA class transformer
2025-04-28T10:06:39.147+05:30  INFO 3844 --- [currency-service] [restartedMain] [                                                 ] com.zaxxer.hikari.HikariDataSource       : HikariPool-2 - Starting...
2025-04-28T10:06:39.150+05:30  INFO 3844 --- [currency-service] [restartedMain] [                                                 ] com.zaxxer.hikari.pool.HikariPool        : HikariPool-2 - Added connection conn10: url=jdbc:h2:mem:testdb user=SA
2025-04-28T10:06:39.151+05:30  INFO 3844 --- [currency-service] [restartedMain] [                                                 ] com.zaxxer.hikari.HikariDataSource       : HikariPool-2 - Start completed.
2025-04-28T10:06:39.152+05:30  WARN 3844 --- [currency-service] [restartedMain] [                                                 ] org.hibernate.orm.deprecation            : HHH90000025: H2Dialect does not need to be specified explicitly using 'hibernate.dialect' (remove the property setting and it will be selected by default)
2025-04-28T10:06:39.153+05:30  INFO 3844 --- [currency-service] [restartedMain] [                                                 ] org.hibernate.orm.connections.pooling    : HHH10001005: Database info:
	Database JDBC URL [Connecting through datasource 'HikariDataSource (HikariPool-2)']
	Database driver: undefined/unknown
	Database version: 2.3.232
	Autocommit mode: undefined/unknown
	Isolation level: undefined/unknown
	Minimum pool size: undefined/unknown
	Maximum pool size: undefined/unknown
2025-04-28T10:06:39.233+05:30  INFO 3844 --- [currency-service] [restartedMain] [                                                 ] o.h.e.t.j.p.i.JtaPlatformInitiator       : HHH000489: No JTA platform available (set 'hibernate.transaction.jta.platform' to enable JTA platform integration)
2025-04-28T10:06:39.237+05:30  INFO 3844 --- [currency-service] [restartedMain] [                                                 ] j.LocalContainerEntityManagerFactoryBean : Initialized JPA EntityManagerFactory for persistence unit 'default'
2025-04-28T10:06:39.643+05:30  WARN 3844 --- [currency-service] [restartedMain] [                                                 ] JpaBaseConfiguration$JpaWebConfiguration : spring.jpa.open-in-view is enabled by default. Therefore, database queries may be performed during view rendering. Explicitly configure spring.jpa.open-in-view to disable this warning
2025-04-28T10:06:39.830+05:30  WARN 3844 --- [currency-service] [restartedMain] [                                                 ] o.s.b.d.a.OptionalLiveReloadServer       : Unable to start LiveReload server
2025-04-28T10:06:39.917+05:30  INFO 3844 --- [currency-service] [restartedMain] [                                                 ] o.s.c.openfeign.FeignClientFactoryBean   : For 'currency-exchange' URL not provided. Will try picking an instance via load-balancing.
2025-04-28T10:06:42.347+05:30  INFO 3844 --- [currency-service] [restartedMain] [                                                 ] o.s.b.a.h2.H2ConsoleAutoConfiguration    : H2 console available at '/h2-console'. Database available at 'jdbc:h2:mem:testdb'
2025-04-28T10:06:42.606+05:30  INFO 3844 --- [currency-service] [restartedMain] [                                                 ] DiscoveryClientOptionalArgsConfiguration : Eureka HTTP Client uses RestTemplate.
2025-04-28T10:06:42.789+05:30  WARN 3844 --- [currency-service] [restartedMain] [                                                 ] iguration$LoadBalancerCaffeineWarnLogger : Spring Cloud LoadBalancer is currently working with the default cache. While this cache implementation is useful for development and tests, it's recommended to use Caffeine cache in production.You can switch to using Caffeine cache, by adding it and org.springframework.cache.caffeine.CaffeineCacheManager to the classpath.
2025-04-28T10:06:42.834+05:30  INFO 3844 --- [currency-service] [restartedMain] [                                                 ] o.s.b.a.e.web.EndpointLinksResolver      : Exposing 28 endpoints beneath base path '/actuator'
2025-04-28T10:06:42.932+05:30  INFO 3844 --- [currency-service] [restartedMain] [                                                 ] o.s.c.n.eureka.InstanceInfoFactory       : Setting initial instance status as: STARTING
2025-04-28T10:06:42.940+05:30  INFO 3844 --- [currency-service] [restartedMain] [                                                 ] com.netflix.discovery.DiscoveryClient    : Initializing Eureka in region us-east-1
2025-04-28T10:06:42.940+05:30  INFO 3844 --- [currency-service] [restartedMain] [                                                 ] c.n.d.s.r.aws.ConfigClusterResolver      : Resolving eureka endpoints via configuration
2025-04-28T10:06:42.941+05:30  INFO 3844 --- [currency-service] [restartedMain] [                                                 ] com.netflix.discovery.DiscoveryClient    : Disable delta property : false
2025-04-28T10:06:42.941+05:30  INFO 3844 --- [currency-service] [restartedMain] [                                                 ] com.netflix.discovery.DiscoveryClient    : Single vip registry refresh property : null
2025-04-28T10:06:42.941+05:30  INFO 3844 --- [currency-service] [restartedMain] [                                                 ] com.netflix.discovery.DiscoveryClient    : Force full registry fetch : false
2025-04-28T10:06:42.941+05:30  INFO 3844 --- [currency-service] [restartedMain] [                                                 ] com.netflix.discovery.DiscoveryClient    : Application is null : false
2025-04-28T10:06:42.941+05:30  INFO 3844 --- [currency-service] [restartedMain] [                                                 ] com.netflix.discovery.DiscoveryClient    : Registered Applications size is zero : true
2025-04-28T10:06:42.941+05:30  INFO 3844 --- [currency-service] [restartedMain] [                                                 ] com.netflix.discovery.DiscoveryClient    : Application version is -1: true
2025-04-28T10:06:42.941+05:30  INFO 3844 --- [currency-service] [restartedMain] [                                                 ] com.netflix.discovery.DiscoveryClient    : Getting all instance registry info from the eureka server
2025-04-28T10:06:43.012+05:30  INFO 3844 --- [currency-service] [restartedMain] [                                                 ] com.netflix.discovery.DiscoveryClient    : The response status is 200
2025-04-28T10:06:43.013+05:30  INFO 3844 --- [currency-service] [restartedMain] [                                                 ] com.netflix.discovery.DiscoveryClient    : Starting heartbeat executor: renew interval is: 30
2025-04-28T10:06:43.013+05:30  INFO 3844 --- [currency-service] [restartedMain] [                                                 ] c.n.discovery.InstanceInfoReplicator     : InstanceInfoReplicator onDemand update allowed rate per min is 4
2025-04-28T10:06:43.013+05:30  INFO 3844 --- [currency-service] [restartedMain] [                                                 ] com.netflix.discovery.DiscoveryClient    : Discovery Client initialized at timestamp 1745815003013 with initial instances count: 3
2025-04-28T10:06:43.042+05:30  INFO 3844 --- [currency-service] [restartedMain] [                                                 ] o.s.c.n.e.s.EurekaServiceRegistry        : Registering application CURRENCY-SERVICE with eureka with status UP
2025-04-28T10:06:43.043+05:30  INFO 3844 --- [currency-service] [restartedMain] [                                                 ] com.netflix.discovery.DiscoveryClient    : Saw local status change event StatusChangeEvent [timestamp=1745815003043, current=UP, previous=STARTING]
2025-04-28T10:06:43.043+05:30  INFO 3844 --- [currency-service] [DiscoveryClient-InstanceInfoReplicator-%d] [                                                 ] com.netflix.discovery.DiscoveryClient    : DiscoveryClient_CURRENCY-SERVICE/Gopichand:currency-service:8085: registering service...
2025-04-28T10:06:43.050+05:30  INFO 3844 --- [currency-service] [restartedMain] [                                                 ] o.s.b.w.embedded.tomcat.TomcatWebServer  : Tomcat started on port 8085 (http) with context path '/'
2025-04-28T10:06:43.051+05:30  INFO 3844 --- [currency-service] [restartedMain] [                                                 ] .s.c.n.e.s.EurekaAutoServiceRegistration : Updating port to 8085
2025-04-28T10:06:43.063+05:30  INFO 3844 --- [currency-service] [DiscoveryClient-InstanceInfoReplicator-%d] [                                                 ] com.netflix.discovery.DiscoveryClient    : DiscoveryClient_CURRENCY-SERVICE/Gopichand:currency-service:8085 - registration status: 204
2025-04-28T10:06:43.079+05:30  INFO 3844 --- [currency-service] [restartedMain] [                                                 ] c.l.currency.CurrencyServiceApplication  : Started CurrencyServiceApplication in 8.676 seconds (process running for 933.297)
2025-04-28T10:06:43.085+05:30  INFO 3844 --- [currency-service] [restartedMain] [                                                 ] .ConditionEvaluationDeltaLoggingListener : Condition evaluation unchanged
2025-04-28T10:06:43.101+05:30  INFO 3844 --- [currency-service] [registrationTask1] [                                                 ] d.c.b.a.c.r.ApplicationRegistrator       : Application registered itself as 755fc9018fe1
2025-04-28T10:06:43.104+05:30  INFO 3844 --- [currency-service] [http-nio-8085-exec-1] [                                                 ] o.a.c.c.C.[Tomcat].[localhost].[/]       : Initializing Spring DispatcherServlet 'dispatcherServlet'
2025-04-28T10:06:43.104+05:30  INFO 3844 --- [currency-service] [http-nio-8085-exec-1] [                                                 ] o.s.web.servlet.DispatcherServlet        : Initializing Servlet 'dispatcherServlet'
2025-04-28T10:06:43.106+05:30  INFO 3844 --- [currency-service] [http-nio-8085-exec-1] [                                                 ] o.s.web.servlet.DispatcherServlet        : Completed initialization in 2 ms
2025-04-28T10:11:42.956+05:30  INFO 3844 --- [currency-service] [AsyncResolver-bootstrap-executor-%d] [                                                 ] c.n.d.s.r.aws.ConfigClusterResolver      : Resolving eureka endpoints via configuration
2025-04-28T10:16:42.984+05:30  INFO 3844 --- [currency-service] [AsyncResolver-bootstrap-executor-%d] [                                                 ] c.n.d.s.r.aws.ConfigClusterResolver      : Resolving eureka endpoints via configuration
2025-04-28T10:21:42.489+05:30  INFO 3844 --- [currency-service] [File Watcher] [                                                 ] rtingClassPathChangeChangedEventListener : Restarting due to 2 class path changes (0 additions, 0 deletions, 2 modifications)
2025-04-28T10:21:42.490+05:30  INFO 3844 --- [currency-service] [Thread-7] [                                                 ] o.s.c.n.e.s.EurekaServiceRegistry        : Unregistering application CURRENCY-SERVICE with eureka with status DOWN
2025-04-28T10:21:42.491+05:30  INFO 3844 --- [currency-service] [Thread-7] [                                                 ] com.netflix.discovery.DiscoveryClient    : Saw local status change event StatusChangeEvent [timestamp=1745815902491, current=DOWN, previous=UP]
2025-04-28T10:21:42.491+05:30  INFO 3844 --- [currency-service] [DiscoveryClient-InstanceInfoReplicator-%d] [                                                 ] com.netflix.discovery.DiscoveryClient    : DiscoveryClient_CURRENCY-SERVICE/Gopichand:currency-service:8085: registering service...
2025-04-28T10:21:42.493+05:30  INFO 3844 --- [currency-service] [Thread-7] [                                                 ] o.s.b.w.e.tomcat.GracefulShutdown        : Commencing graceful shutdown. Waiting for active requests to complete
2025-04-28T10:21:42.500+05:30  INFO 3844 --- [currency-service] [tomcat-shutdown] [                                                 ] o.s.b.w.e.tomcat.GracefulShutdown        : Graceful shutdown complete
2025-04-28T10:21:42.506+05:30  INFO 3844 --- [currency-service] [DiscoveryClient-InstanceInfoReplicator-%d] [                                                 ] com.netflix.discovery.DiscoveryClient    : DiscoveryClient_CURRENCY-SERVICE/Gopichand:currency-service:8085 - registration status: 204
2025-04-28T10:21:42.511+05:30  INFO 3844 --- [currency-service] [Thread-7] [                                                 ] j.LocalContainerEntityManagerFactoryBean : Closing JPA EntityManagerFactory for persistence unit 'default'
2025-04-28T10:21:42.513+05:30  WARN 3844 --- [currency-service] [Thread-7] [                                                 ] o.s.b.f.support.DisposableBeanAdapter    : Invocation of destroy method failed on bean with name 'inMemoryDatabaseShutdownExecutor': org.h2.jdbc.JdbcSQLNonTransientConnectionException: Database is already closed (to disable automatic closing at VM shutdown, add ";DB_CLOSE_ON_EXIT=FALSE" to the db URL) [90121-232]
2025-04-28T10:21:42.515+05:30  INFO 3844 --- [currency-service] [Thread-7] [                                                 ] com.zaxxer.hikari.HikariDataSource       : HikariPool-2 - Shutdown initiated...
2025-04-28T10:21:42.516+05:30  INFO 3844 --- [currency-service] [Thread-7] [                                                 ] com.zaxxer.hikari.HikariDataSource       : HikariPool-2 - Shutdown completed.
2025-04-28T10:21:42.962+05:30  INFO 3844 --- [currency-service] [Thread-7] [                                                 ] com.netflix.discovery.DiscoveryClient    : Shutting down DiscoveryClient ...
2025-04-28T10:21:43.016+05:30  INFO 3844 --- [currency-service] [AsyncResolver-bootstrap-executor-%d] [                                                 ] c.n.d.s.r.aws.ConfigClusterResolver      : Resolving eureka endpoints via configuration
2025-04-28T10:21:45.966+05:30  INFO 3844 --- [currency-service] [Thread-7] [                                                 ] com.netflix.discovery.DiscoveryClient    : Unregistering ...
2025-04-28T10:21:45.967+05:30  WARN 3844 --- [currency-service] [DiscoveryClient-%d] [                                                 ] c.netflix.discovery.TimedSupervisorTask  : task supervisor shutting down, can't accept the task
2025-04-28T10:21:45.984+05:30  INFO 3844 --- [currency-service] [Thread-7] [                                                 ] com.netflix.discovery.DiscoveryClient    : DiscoveryClient_CURRENCY-SERVICE/Gopichand:currency-service:8085 - deregister  status: 200
2025-04-28T10:21:45.985+05:30  INFO 3844 --- [currency-service] [Thread-7] [                                                 ] com.netflix.discovery.DiscoveryClient    : Completed shut down of DiscoveryClient
2025-04-28T10:21:49.210+05:30  INFO 3844 --- [currency-service] [restartedMain] [                                                 ] c.l.currency.CurrencyServiceApplication  : Starting CurrencyServiceApplication using Java 21.0.6 with PID 3844 (D:\SpringMicroservices\currency-service\target\classes started by gopic in D:\SpringMicroservices\currency-service)
2025-04-28T10:21:49.211+05:30  INFO 3844 --- [currency-service] [restartedMain] [                                                 ] c.l.currency.CurrencyServiceApplication  : The following 1 profile is active: "dev"
2025-04-28T10:21:49.213+05:30  INFO 3844 --- [currency-service] [restartedMain] [                                                 ] o.s.c.c.c.ConfigServerConfigDataLoader   : Fetching config from server at : http://localhost:8888
2025-04-28T10:21:49.214+05:30  INFO 3844 --- [currency-service] [restartedMain] [                                                 ] o.s.c.c.c.ConfigServerConfigDataLoader   : Located environment: name=currency-service, profiles=[default], label=null, version=ce6838534f35ca0d1b94b1a041da84d2cb996612, state=
2025-04-28T10:21:49.214+05:30  INFO 3844 --- [currency-service] [restartedMain] [                                                 ] o.s.c.c.c.ConfigServerConfigDataLoader   : Fetching config from server at : http://localhost:8888
2025-04-28T10:21:49.214+05:30  INFO 3844 --- [currency-service] [restartedMain] [                                                 ] o.s.c.c.c.ConfigServerConfigDataLoader   : Located environment: name=currency-service, profiles=[dev], label=null, version=ce6838534f35ca0d1b94b1a041da84d2cb996612, state=
2025-04-28T10:21:49.950+05:30  INFO 3844 --- [currency-service] [restartedMain] [                                                 ] .s.d.r.c.RepositoryConfigurationDelegate : Bootstrapping Spring Data JPA repositories in DEFAULT mode.
2025-04-28T10:21:49.971+05:30  INFO 3844 --- [currency-service] [restartedMain] [                                                 ] .s.d.r.c.RepositoryConfigurationDelegate : Finished Spring Data repository scanning in 18 ms. Found 1 JPA repository interface.
2025-04-28T10:21:50.193+05:30  INFO 3844 --- [currency-service] [restartedMain] [                                                 ] o.s.cloud.context.scope.GenericScope     : BeanFactory id=4603d0f6-5669-3805-859f-1fd26732264a
2025-04-28T10:21:50.693+05:30  INFO 3844 --- [currency-service] [restartedMain] [                                                 ] o.s.b.w.embedded.tomcat.TomcatWebServer  : Tomcat initialized with port 8085 (http)
2025-04-28T10:21:50.697+05:30  INFO 3844 --- [currency-service] [restartedMain] [                                                 ] o.apache.catalina.core.StandardService   : Starting service [Tomcat]
2025-04-28T10:21:50.697+05:30  INFO 3844 --- [currency-service] [restartedMain] [                                                 ] o.apache.catalina.core.StandardEngine    : Starting Servlet engine: [Apache Tomcat/10.1.39]
2025-04-28T10:21:50.772+05:30  INFO 3844 --- [currency-service] [restartedMain] [                                                 ] o.a.c.c.C.[Tomcat].[localhost].[/]       : Initializing Spring embedded WebApplicationContext
2025-04-28T10:21:50.772+05:30  INFO 3844 --- [currency-service] [restartedMain] [                                                 ] w.s.c.ServletWebServerApplicationContext : Root WebApplicationContext: initialization completed in 1557 ms
2025-04-28T10:21:51.422+05:30  INFO 3844 --- [currency-service] [restartedMain] [                                                 ] o.hibernate.jpa.internal.util.LogHelper  : HHH000204: Processing PersistenceUnitInfo [name: default]
2025-04-28T10:21:51.425+05:30  INFO 3844 --- [currency-service] [restartedMain] [                                                 ] o.h.c.internal.RegionFactoryInitiator    : HHH000026: Second-level cache disabled
2025-04-28T10:21:51.439+05:30  INFO 3844 --- [currency-service] [restartedMain] [                                                 ] o.s.o.j.p.SpringPersistenceUnitInfo      : No LoadTimeWeaver setup: ignoring JPA class transformer
2025-04-28T10:21:51.441+05:30  INFO 3844 --- [currency-service] [restartedMain] [                                                 ] com.zaxxer.hikari.HikariDataSource       : HikariPool-3 - Starting...
2025-04-28T10:21:51.444+05:30  INFO 3844 --- [currency-service] [restartedMain] [                                                 ] com.zaxxer.hikari.pool.HikariPool        : HikariPool-3 - Added connection conn20: url=jdbc:h2:mem:testdb user=SA
2025-04-28T10:21:51.445+05:30  INFO 3844 --- [currency-service] [restartedMain] [                                                 ] com.zaxxer.hikari.HikariDataSource       : HikariPool-3 - Start completed.
2025-04-28T10:21:51.446+05:30  WARN 3844 --- [currency-service] [restartedMain] [                                                 ] org.hibernate.orm.deprecation            : HHH90000025: H2Dialect does not need to be specified explicitly using 'hibernate.dialect' (remove the property setting and it will be selected by default)
2025-04-28T10:21:51.447+05:30  INFO 3844 --- [currency-service] [restartedMain] [                                                 ] org.hibernate.orm.connections.pooling    : HHH10001005: Database info:
	Database JDBC URL [Connecting through datasource 'HikariDataSource (HikariPool-3)']
	Database driver: undefined/unknown
	Database version: 2.3.232
	Autocommit mode: undefined/unknown
	Isolation level: undefined/unknown
	Minimum pool size: undefined/unknown
	Maximum pool size: undefined/unknown
2025-04-28T10:21:51.512+05:30  INFO 3844 --- [currency-service] [restartedMain] [                                                 ] o.h.e.t.j.p.i.JtaPlatformInitiator       : HHH000489: No JTA platform available (set 'hibernate.transaction.jta.platform' to enable JTA platform integration)
2025-04-28T10:21:51.516+05:30  INFO 3844 --- [currency-service] [restartedMain] [                                                 ] j.LocalContainerEntityManagerFactoryBean : Initialized JPA EntityManagerFactory for persistence unit 'default'
2025-04-28T10:21:51.898+05:30  WARN 3844 --- [currency-service] [restartedMain] [                                                 ] JpaBaseConfiguration$JpaWebConfiguration : spring.jpa.open-in-view is enabled by default. Therefore, database queries may be performed during view rendering. Explicitly configure spring.jpa.open-in-view to disable this warning
2025-04-28T10:21:52.068+05:30  WARN 3844 --- [currency-service] [restartedMain] [                                                 ] o.s.b.d.a.OptionalLiveReloadServer       : Unable to start LiveReload server
2025-04-28T10:21:52.164+05:30  INFO 3844 --- [currency-service] [restartedMain] [                                                 ] o.s.c.openfeign.FeignClientFactoryBean   : For 'currency-exchange' URL not provided. Will try picking an instance via load-balancing.
2025-04-28T10:21:54.256+05:30  INFO 3844 --- [currency-service] [restartedMain] [                                                 ] o.s.b.a.h2.H2ConsoleAutoConfiguration    : H2 console available at '/h2-console'. Database available at 'jdbc:h2:mem:testdb'
2025-04-28T10:21:54.521+05:30  INFO 3844 --- [currency-service] [restartedMain] [                                                 ] DiscoveryClientOptionalArgsConfiguration : Eureka HTTP Client uses RestTemplate.
2025-04-28T10:21:54.636+05:30  WARN 3844 --- [currency-service] [restartedMain] [                                                 ] iguration$LoadBalancerCaffeineWarnLogger : Spring Cloud LoadBalancer is currently working with the default cache. While this cache implementation is useful for development and tests, it's recommended to use Caffeine cache in production.You can switch to using Caffeine cache, by adding it and org.springframework.cache.caffeine.CaffeineCacheManager to the classpath.
2025-04-28T10:21:54.701+05:30  INFO 3844 --- [currency-service] [restartedMain] [                                                 ] o.s.b.a.e.web.EndpointLinksResolver      : Exposing 28 endpoints beneath base path '/actuator'
2025-04-28T10:21:54.815+05:30  INFO 3844 --- [currency-service] [restartedMain] [                                                 ] o.s.c.n.eureka.InstanceInfoFactory       : Setting initial instance status as: STARTING
2025-04-28T10:21:54.825+05:30  INFO 3844 --- [currency-service] [restartedMain] [                                                 ] com.netflix.discovery.DiscoveryClient    : Initializing Eureka in region us-east-1
2025-04-28T10:21:54.825+05:30  INFO 3844 --- [currency-service] [restartedMain] [                                                 ] c.n.d.s.r.aws.ConfigClusterResolver      : Resolving eureka endpoints via configuration
2025-04-28T10:21:54.825+05:30  INFO 3844 --- [currency-service] [restartedMain] [                                                 ] com.netflix.discovery.DiscoveryClient    : Disable delta property : false
2025-04-28T10:21:54.826+05:30  INFO 3844 --- [currency-service] [restartedMain] [                                                 ] com.netflix.discovery.DiscoveryClient    : Single vip registry refresh property : null
2025-04-28T10:21:54.826+05:30  INFO 3844 --- [currency-service] [restartedMain] [                                                 ] com.netflix.discovery.DiscoveryClient    : Force full registry fetch : false
2025-04-28T10:21:54.826+05:30  INFO 3844 --- [currency-service] [restartedMain] [                                                 ] com.netflix.discovery.DiscoveryClient    : Application is null : false
2025-04-28T10:21:54.826+05:30  INFO 3844 --- [currency-service] [restartedMain] [                                                 ] com.netflix.discovery.DiscoveryClient    : Registered Applications size is zero : true
2025-04-28T10:21:54.826+05:30  INFO 3844 --- [currency-service] [restartedMain] [                                                 ] com.netflix.discovery.DiscoveryClient    : Application version is -1: true
2025-04-28T10:21:54.826+05:30  INFO 3844 --- [currency-service] [restartedMain] [                                                 ] com.netflix.discovery.DiscoveryClient    : Getting all instance registry info from the eureka server
2025-04-28T10:21:54.902+05:30  INFO 3844 --- [currency-service] [restartedMain] [                                                 ] com.netflix.discovery.DiscoveryClient    : The response status is 200
2025-04-28T10:21:54.903+05:30  INFO 3844 --- [currency-service] [restartedMain] [                                                 ] com.netflix.discovery.DiscoveryClient    : Starting heartbeat executor: renew interval is: 30
2025-04-28T10:21:54.903+05:30  INFO 3844 --- [currency-service] [restartedMain] [                                                 ] c.n.discovery.InstanceInfoReplicator     : InstanceInfoReplicator onDemand update allowed rate per min is 4
2025-04-28T10:21:54.904+05:30  INFO 3844 --- [currency-service] [restartedMain] [                                                 ] com.netflix.discovery.DiscoveryClient    : Discovery Client initialized at timestamp 1745815914904 with initial instances count: 3
2025-04-28T10:21:54.931+05:30  INFO 3844 --- [currency-service] [restartedMain] [                                                 ] o.s.c.n.e.s.EurekaServiceRegistry        : Registering application CURRENCY-SERVICE with eureka with status UP
2025-04-28T10:21:54.932+05:30  INFO 3844 --- [currency-service] [restartedMain] [                                                 ] com.netflix.discovery.DiscoveryClient    : Saw local status change event StatusChangeEvent [timestamp=1745815914932, current=UP, previous=STARTING]
2025-04-28T10:21:54.932+05:30  INFO 3844 --- [currency-service] [DiscoveryClient-InstanceInfoReplicator-%d] [                                                 ] com.netflix.discovery.DiscoveryClient    : DiscoveryClient_CURRENCY-SERVICE/Gopichand:currency-service:8085: registering service...
2025-04-28T10:21:54.940+05:30  INFO 3844 --- [currency-service] [restartedMain] [                                                 ] o.s.b.w.embedded.tomcat.TomcatWebServer  : Tomcat started on port 8085 (http) with context path '/'
2025-04-28T10:21:54.941+05:30  INFO 3844 --- [currency-service] [restartedMain] [                                                 ] .s.c.n.e.s.EurekaAutoServiceRegistration : Updating port to 8085
2025-04-28T10:21:54.955+05:30  INFO 3844 --- [currency-service] [DiscoveryClient-InstanceInfoReplicator-%d] [                                                 ] com.netflix.discovery.DiscoveryClient    : DiscoveryClient_CURRENCY-SERVICE/Gopichand:currency-service:8085 - registration status: 204
2025-04-28T10:21:54.981+05:30  INFO 3844 --- [currency-service] [restartedMain] [                                                 ] c.l.currency.CurrencyServiceApplication  : Started CurrencyServiceApplication in 8.874 seconds (process running for 1845.137)
2025-04-28T10:21:54.985+05:30  INFO 3844 --- [currency-service] [restartedMain] [                                                 ] .ConditionEvaluationDeltaLoggingListener : Condition evaluation unchanged
2025-04-28T10:21:54.998+05:30  INFO 3844 --- [currency-service] [registrationTask1] [                                                 ] d.c.b.a.c.r.ApplicationRegistrator       : Application registered itself as 755fc9018fe1
2025-04-28T10:21:55.001+05:30  INFO 3844 --- [currency-service] [http-nio-8085-exec-3] [                                                 ] o.a.c.c.C.[Tomcat].[localhost].[/]       : Initializing Spring DispatcherServlet 'dispatcherServlet'
2025-04-28T10:21:55.001+05:30  INFO 3844 --- [currency-service] [http-nio-8085-exec-3] [                                                 ] o.s.web.servlet.DispatcherServlet        : Initializing Servlet 'dispatcherServlet'
2025-04-28T10:21:55.003+05:30  INFO 3844 --- [currency-service] [http-nio-8085-exec-3] [                                                 ] o.s.web.servlet.DispatcherServlet        : Completed initialization in 2 ms
2025-04-28T10:21:59.856+05:30  INFO 3844 --- [currency-service] [http-nio-8085-exec-4] [680f096f94c59d57ebbd345b12983b24-ebbd345b12983b24] c.l.c.contoller.CurrencyController       : This is Info logCurrencyRequest(fromCurrency=USD, toCurrency=INR, quantity=10)
2025-04-28T10:21:59.923+05:30  INFO 3844 --- [currency-service] [http-nio-8085-exec-4] [680f096f94c59d57ebbd345b12983b24-ebbd345b12983b24] c.l.c.contoller.CurrencyController       : The transaction completed 
2025-04-28T10:21:59.926+05:30  WARN 3844 --- [currency-service] [http-nio-8085-exec-4] [680f096f94c59d57ebbd345b12983b24-ebbd345b12983b24] c.l.c.contoller.CurrencyController       : The stored information areCurrencyDetails(id=1, fromCurrency=USD, toCurrency=INR, quantity=10, currencyRate=65.0, totalAmount=650.0)
2025-04-28T10:22:02.041+05:30  INFO 3844 --- [currency-service] [http-nio-8085-exec-5] [680f097245fe6d33490d2c2f80a48be4-490d2c2f80a48be4] c.l.c.contoller.CurrencyController       : This is Info logCurrencyRequest(fromCurrency=USD, toCurrency=INR, quantity=10)
2025-04-28T10:22:02.056+05:30  INFO 3844 --- [currency-service] [http-nio-8085-exec-5] [680f097245fe6d33490d2c2f80a48be4-490d2c2f80a48be4] c.l.c.contoller.CurrencyController       : The transaction completed 
2025-04-28T10:22:02.057+05:30  WARN 3844 --- [currency-service] [http-nio-8085-exec-5] [680f097245fe6d33490d2c2f80a48be4-490d2c2f80a48be4] c.l.c.contoller.CurrencyController       : The stored information areCurrencyDetails(id=2, fromCurrency=USD, toCurrency=INR, quantity=10, currencyRate=65.0, totalAmount=650.0)
2025-04-28T10:22:03.379+05:30  INFO 3844 --- [currency-service] [http-nio-8085-exec-6] [680f09733b674bf4f36847498256045a-f36847498256045a] c.l.c.contoller.CurrencyController       : This is Info logCurrencyRequest(fromCurrency=USD, toCurrency=INR, quantity=10)
2025-04-28T10:22:03.388+05:30  INFO 3844 --- [currency-service] [http-nio-8085-exec-6] [680f09733b674bf4f36847498256045a-f36847498256045a] c.l.c.contoller.CurrencyController       : The transaction completed 
2025-04-28T10:22:03.390+05:30  WARN 3844 --- [currency-service] [http-nio-8085-exec-6] [680f09733b674bf4f36847498256045a-f36847498256045a] c.l.c.contoller.CurrencyController       : The stored information areCurrencyDetails(id=3, fromCurrency=USD, toCurrency=INR, quantity=10, currencyRate=65.0, totalAmount=650.0)
2025-04-28T10:22:04.613+05:30  INFO 3844 --- [currency-service] [http-nio-8085-exec-7] [680f0974c4f9932ed4e030f1d49cdc2c-d4e030f1d49cdc2c] c.l.c.contoller.CurrencyController       : This is Info logCurrencyRequest(fromCurrency=USD, toCurrency=INR, quantity=10)
2025-04-28T10:22:04.625+05:30  INFO 3844 --- [currency-service] [http-nio-8085-exec-7] [680f0974c4f9932ed4e030f1d49cdc2c-d4e030f1d49cdc2c] c.l.c.contoller.CurrencyController       : The transaction completed 
2025-04-28T10:22:04.625+05:30  WARN 3844 --- [currency-service] [http-nio-8085-exec-7] [680f0974c4f9932ed4e030f1d49cdc2c-d4e030f1d49cdc2c] c.l.c.contoller.CurrencyController       : The stored information areCurrencyDetails(id=4, fromCurrency=USD, toCurrency=INR, quantity=10, currencyRate=65.0, totalAmount=650.0)
2025-04-28T10:25:57.273+05:30  INFO 3844 --- [currency-service] [RMI TCP Connection(58)-127.0.0.1] [                                                 ] inMXBeanRegistrar$SpringApplicationAdmin : Application shutdown requested.
2025-04-28T10:25:57.275+05:30  INFO 3844 --- [currency-service] [RMI TCP Connection(58)-127.0.0.1] [                                                 ] o.s.c.n.e.s.EurekaServiceRegistry        : Unregistering application CURRENCY-SERVICE with eureka with status DOWN
2025-04-28T10:25:57.275+05:30  INFO 3844 --- [currency-service] [RMI TCP Connection(58)-127.0.0.1] [                                                 ] com.netflix.discovery.DiscoveryClient    : Saw local status change event StatusChangeEvent [timestamp=1745816157275, current=DOWN, previous=UP]
2025-04-28T10:25:57.276+05:30  INFO 3844 --- [currency-service] [DiscoveryClient-InstanceInfoReplicator-%d] [                                                 ] com.netflix.discovery.DiscoveryClient    : DiscoveryClient_CURRENCY-SERVICE/Gopichand:currency-service:8085: registering service...
2025-04-28T10:25:57.279+05:30  INFO 3844 --- [currency-service] [RMI TCP Connection(58)-127.0.0.1] [                                                 ] o.s.b.w.e.tomcat.GracefulShutdown        : Commencing graceful shutdown. Waiting for active requests to complete
2025-04-28T10:25:57.292+05:30  INFO 3844 --- [currency-service] [DiscoveryClient-InstanceInfoReplicator-%d] [                                                 ] com.netflix.discovery.DiscoveryClient    : DiscoveryClient_CURRENCY-SERVICE/Gopichand:currency-service:8085 - registration status: 204
2025-04-28T10:25:57.323+05:30  INFO 3844 --- [currency-service] [tomcat-shutdown] [                                                 ] o.s.b.w.e.tomcat.GracefulShutdown        : Graceful shutdown complete
2025-04-28T10:25:57.339+05:30  INFO 3844 --- [currency-service] [RMI TCP Connection(58)-127.0.0.1] [                                                 ] j.LocalContainerEntityManagerFactoryBean : Closing JPA EntityManagerFactory for persistence unit 'default'
2025-04-28T10:25:57.342+05:30  WARN 3844 --- [currency-service] [RMI TCP Connection(58)-127.0.0.1] [                                                 ] o.s.b.f.support.DisposableBeanAdapter    : Invocation of destroy method failed on bean with name 'inMemoryDatabaseShutdownExecutor': org.h2.jdbc.JdbcSQLNonTransientConnectionException: Database is already closed (to disable automatic closing at VM shutdown, add ";DB_CLOSE_ON_EXIT=FALSE" to the db URL) [90121-232]
2025-04-28T10:25:57.343+05:30  INFO 3844 --- [currency-service] [RMI TCP Connection(58)-127.0.0.1] [                                                 ] com.zaxxer.hikari.HikariDataSource       : HikariPool-3 - Shutdown initiated...
2025-04-28T10:25:57.345+05:30  INFO 3844 --- [currency-service] [RMI TCP Connection(58)-127.0.0.1] [                                                 ] com.zaxxer.hikari.HikariDataSource       : HikariPool-3 - Shutdown completed.
2025-04-28T10:25:57.389+05:30  INFO 3844 --- [currency-service] [RMI TCP Connection(58)-127.0.0.1] [                                                 ] com.netflix.discovery.DiscoveryClient    : Shutting down DiscoveryClient ...
2025-04-28T10:26:00.394+05:30  INFO 3844 --- [currency-service] [RMI TCP Connection(58)-127.0.0.1] [                                                 ] com.netflix.discovery.DiscoveryClient    : Unregistering ...
2025-04-28T10:26:00.430+05:30  INFO 3844 --- [currency-service] [RMI TCP Connection(58)-127.0.0.1] [                                                 ] c.n.d.s.t.d.RedirectingEurekaHttpClient  : Request execution error. endpoint=DefaultEndpoint{ serviceUrl='http://localhost:8761/eureka/} exception=I/O error on DELETE request for "http://localhost:8761/eureka/apps/CURRENCY-SERVICE/Gopichand:currency-service:8085": Connect to http://localhost:8761 [localhost/127.0.0.1, localhost/0:0:0:0:0:0:0:1] failed: Connection refused: getsockopt stacktrace=org.springframework.web.client.ResourceAccessException: I/O error on DELETE request for "http://localhost:8761/eureka/apps/CURRENCY-SERVICE/Gopichand:currency-service:8085": Connect to http://localhost:8761 [localhost/127.0.0.1, localhost/0:0:0:0:0:0:0:1] failed: Connection refused: getsockopt
	at org.springframework.web.client.RestTemplate.createResourceAccessException(RestTemplate.java:926)
	at org.springframework.web.client.RestTemplate.doExecute(RestTemplate.java:906)
	at org.springframework.web.client.RestTemplate.execute(RestTemplate.java:841)
	at org.springframework.web.client.RestTemplate.exchange(RestTemplate.java:702)
	at org.springframework.cloud.netflix.eureka.http.RestTemplateEurekaHttpClient.cancel(RestTemplateEurekaHttpClient.java:100)
	at com.netflix.discovery.shared.transport.decorator.EurekaHttpClientDecorator$2.execute(EurekaHttpClientDecorator.java:74)
	at com.netflix.discovery.shared.transport.decorator.RedirectingEurekaHttpClient.execute(RedirectingEurekaHttpClient.java:91)
	at com.netflix.discovery.shared.transport.decorator.EurekaHttpClientDecorator.cancel(EurekaHttpClientDecorator.java:71)
	at com.netflix.discovery.shared.transport.decorator.EurekaHttpClientDecorator$2.execute(EurekaHttpClientDecorator.java:74)
	at com.netflix.discovery.shared.transport.decorator.RetryableEurekaHttpClient.execute(RetryableEurekaHttpClient.java:120)
	at com.netflix.discovery.shared.transport.decorator.EurekaHttpClientDecorator.cancel(EurekaHttpClientDecorator.java:71)
	at com.netflix.discovery.shared.transport.decorator.EurekaHttpClientDecorator$2.execute(EurekaHttpClientDecorator.java:74)
	at com.netflix.discovery.shared.transport.decorator.SessionedEurekaHttpClient.execute(SessionedEurekaHttpClient.java:76)
	at com.netflix.discovery.shared.transport.decorator.EurekaHttpClientDecorator.cancel(EurekaHttpClientDecorator.java:71)
	at com.netflix.discovery.DiscoveryClient.unregister(DiscoveryClient.java:919)
	at com.netflix.discovery.DiscoveryClient.shutdown(DiscoveryClient.java:900)
	at java.base/jdk.internal.reflect.DirectMethodHandleAccessor.invoke(DirectMethodHandleAccessor.java:103)
	at java.base/java.lang.reflect.Method.invoke(Method.java:580)
	at org.springframework.beans.factory.annotation.InitDestroyAnnotationBeanPostProcessor$LifecycleMethod.invoke(InitDestroyAnnotationBeanPostProcessor.java:457)
	at org.springframework.beans.factory.annotation.InitDestroyAnnotationBeanPostProcessor$LifecycleMetadata.invokeDestroyMethods(InitDestroyAnnotationBeanPostProcessor.java:415)
	at org.springframework.beans.factory.annotation.InitDestroyAnnotationBeanPostProcessor.postProcessBeforeDestruction(InitDestroyAnnotationBeanPostProcessor.java:239)
	at org.springframework.beans.factory.support.DisposableBeanAdapter.destroy(DisposableBeanAdapter.java:202)
	at org.springframework.beans.factory.support.DisposableBeanAdapter.run(DisposableBeanAdapter.java:195)
	at org.springframework.cloud.context.scope.GenericScope$BeanLifecycleWrapper.destroy(GenericScope.java:389)
	at org.springframework.cloud.context.scope.GenericScope.destroy(GenericScope.java:136)
	at org.springframework.beans.factory.support.DisposableBeanAdapter.destroy(DisposableBeanAdapter.java:211)
	at org.springframework.beans.factory.support.DefaultSingletonBeanRegistry.destroyBean(DefaultSingletonBeanRegistry.java:745)
	at org.springframework.beans.factory.support.DefaultSingletonBeanRegistry.destroySingleton(DefaultSingletonBeanRegistry.java:702)
	at org.springframework.beans.factory.support.DefaultListableBeanFactory.destroySingleton(DefaultListableBeanFactory.java:1401)
	at org.springframework.beans.factory.support.DefaultSingletonBeanRegistry.destroySingletons(DefaultSingletonBeanRegistry.java:661)
	at org.springframework.beans.factory.support.DefaultListableBeanFactory.destroySingletons(DefaultListableBeanFactory.java:1394)
	at org.springframework.context.support.AbstractApplicationContext.destroyBeans(AbstractApplicationContext.java:1219)
	at org.springframework.context.support.AbstractApplicationContext.doClose(AbstractApplicationContext.java:1180)
	at org.springframework.boot.web.servlet.context.ServletWebServerApplicationContext.doClose(ServletWebServerApplicationContext.java:179)
	at org.springframework.context.support.AbstractApplicationContext.close(AbstractApplicationContext.java:1126)
	at org.springframework.boot.admin.SpringApplicationAdminMXBeanRegistrar$SpringApplicationAdmin.shutdown(SpringApplicationAdminMXBeanRegistrar.java:160)
	at java.base/jdk.internal.reflect.DirectMethodHandleAccessor.invoke(DirectMethodHandleAccessor.java:103)
	at java.base/java.lang.reflect.Method.invoke(Method.java:580)
	at sun.reflect.misc.Trampoline.invoke(MethodUtil.java:64)
	at java.base/jdk.internal.reflect.DirectMethodHandleAccessor.invoke(DirectMethodHandleAccessor.java:103)
	at java.base/java.lang.reflect.Method.invoke(Method.java:580)
	at java.base/sun.reflect.misc.MethodUtil.invoke(MethodUtil.java:97)
	at java.management/com.sun.jmx.mbeanserver.ConvertingMethod.invokeWithOpenReturn(ConvertingMethod.java:193)
	at java.management/com.sun.jmx.mbeanserver.ConvertingMethod.invokeWithOpenReturn(ConvertingMethod.java:175)
	at java.management/com.sun.jmx.mbeanserver.MXBeanIntrospector.invokeM2(MXBeanIntrospector.java:115)
	at java.management/com.sun.jmx.mbeanserver.MXBeanIntrospector.invokeM2(MXBeanIntrospector.java:52)
	at java.management/com.sun.jmx.mbeanserver.MBeanIntrospector.invokeM(MBeanIntrospector.java:236)
	at java.management/com.sun.jmx.mbeanserver.PerInterface.invoke(PerInterface.java:138)
	at java.management/com.sun.jmx.mbeanserver.MBeanSupport.invoke(MBeanSupport.java:252)
	at java.management/com.sun.jmx.interceptor.DefaultMBeanServerInterceptor.invoke(DefaultMBeanServerInterceptor.java:803)
	at java.management/com.sun.jmx.mbeanserver.JmxMBeanServer.invoke(JmxMBeanServer.java:802)
	at java.management.rmi/javax.management.remote.rmi.RMIConnectionImpl.doOperation(RMIConnectionImpl.java:1472)
	at java.management.rmi/javax.management.remote.rmi.RMIConnectionImpl$PrivilegedOperation.run(RMIConnectionImpl.java:1310)
	at java.management.rmi/javax.management.remote.rmi.RMIConnectionImpl.doPrivilegedOperation(RMIConnectionImpl.java:1405)
	at java.management.rmi/javax.management.remote.rmi.RMIConnectionImpl.invoke(RMIConnectionImpl.java:829)
	at java.base/jdk.internal.reflect.DirectMethodHandleAccessor.invoke(DirectMethodHandleAccessor.java:103)
	at java.base/java.lang.reflect.Method.invoke(Method.java:580)
	at java.rmi/sun.rmi.server.UnicastServerRef.dispatch(UnicastServerRef.java:360)
	at java.rmi/sun.rmi.transport.Transport$1.run(Transport.java:200)
	at java.rmi/sun.rmi.transport.Transport$1.run(Transport.java:197)
	at java.base/java.security.AccessController.doPrivileged(AccessController.java:714)
	at java.rmi/sun.rmi.transport.Transport.serviceCall(Transport.java:196)
	at java.rmi/sun.rmi.transport.tcp.TCPTransport.handleMessages(TCPTransport.java:598)
	at java.rmi/sun.rmi.transport.tcp.TCPTransport$ConnectionHandler.run0(TCPTransport.java:844)
	at java.rmi/sun.rmi.transport.tcp.TCPTransport$ConnectionHandler.lambda$run$0(TCPTransport.java:721)
	at java.base/java.security.AccessController.doPrivileged(AccessController.java:400)
	at java.rmi/sun.rmi.transport.tcp.TCPTransport$ConnectionHandler.run(TCPTransport.java:720)
	at java.base/java.util.concurrent.ThreadPoolExecutor.runWorker(ThreadPoolExecutor.java:1144)
	at java.base/java.util.concurrent.ThreadPoolExecutor$Worker.run(ThreadPoolExecutor.java:642)
	at java.base/java.lang.Thread.run(Thread.java:1583)
Caused by: org.apache.hc.client5.http.HttpHostConnectException: Connect to http://localhost:8761 [localhost/127.0.0.1, localhost/0:0:0:0:0:0:0:1] failed: Connection refused: getsockopt
	at java.base/sun.nio.ch.Net.pollConnect(Native Method)
	at java.base/sun.nio.ch.Net.pollConnectNow(Net.java:682)
	at java.base/sun.nio.ch.NioSocketImpl.timedFinishConnect(NioSocketImpl.java:542)
	at java.base/sun.nio.ch.NioSocketImpl.connect(NioSocketImpl.java:592)
	at java.base/java.net.SocksSocketImpl.connect(SocksSocketImpl.java:327)
	at java.base/java.net.Socket.connect(Socket.java:751)
	at org.apache.hc.client5.http.impl.io.DefaultHttpClientConnectionOperator.connect(DefaultHttpClientConnectionOperator.java:216)
	at org.apache.hc.client5.http.impl.io.PoolingHttpClientConnectionManager.connect(PoolingHttpClientConnectionManager.java:490)
	at org.apache.hc.client5.http.impl.classic.InternalExecRuntime.connectEndpoint(InternalExecRuntime.java:164)
	at org.apache.hc.client5.http.impl.classic.InternalExecRuntime.connectEndpoint(InternalExecRuntime.java:174)
	at org.apache.hc.client5.http.impl.classic.ConnectExec.execute(ConnectExec.java:144)
	at org.apache.hc.client5.http.impl.classic.ExecChainElement.execute(ExecChainElement.java:51)
	at org.apache.hc.client5.http.impl.classic.ProtocolExec.execute(ProtocolExec.java:192)
	at org.apache.hc.client5.http.impl.classic.ExecChainElement.execute(ExecChainElement.java:51)
	at org.apache.hc.client5.http.impl.classic.ContentCompressionExec.execute(ContentCompressionExec.java:150)
	at org.apache.hc.client5.http.impl.classic.ExecChainElement.execute(ExecChainElement.java:51)
	at org.apache.hc.client5.http.impl.classic.HttpRequestRetryExec.execute(HttpRequestRetryExec.java:113)
	at org.apache.hc.client5.http.impl.classic.ExecChainElement.execute(ExecChainElement.java:51)
	at org.apache.hc.client5.http.impl.classic.RedirectExec.execute(RedirectExec.java:110)
	at org.apache.hc.client5.http.impl.classic.ExecChainElement.execute(ExecChainElement.java:51)
	at org.apache.hc.client5.http.impl.classic.InternalHttpClient.doExecute(InternalHttpClient.java:174)
	at org.apache.hc.client5.http.impl.classic.CloseableHttpClient.execute(CloseableHttpClient.java:87)
	at org.apache.hc.client5.http.impl.classic.CloseableHttpClient.execute(CloseableHttpClient.java:55)
	at org.apache.hc.client5.http.classic.HttpClient.executeOpen(HttpClient.java:183)
	at org.springframework.http.client.HttpComponentsClientHttpRequest.executeInternal(HttpComponentsClientHttpRequest.java:99)
	at org.springframework.http.client.AbstractStreamingClientHttpRequest.executeInternal(AbstractStreamingClientHttpRequest.java:71)
	at org.springframework.http.client.AbstractClientHttpRequest.execute(AbstractClientHttpRequest.java:81)
	at org.springframework.http.client.InterceptingClientHttpRequest$InterceptingRequestExecution.execute(InterceptingClientHttpRequest.java:117)
	at org.springframework.cloud.netflix.eureka.http.RestTemplateTransportClientFactory.lambda$restTemplate$2(RestTemplateTransportClientFactory.java:145)
	at org.springframework.http.client.InterceptingClientHttpRequest$InterceptingRequestExecution.execute(InterceptingClientHttpRequest.java:88)
	at org.springframework.http.client.InterceptingClientHttpRequest.executeInternal(InterceptingClientHttpRequest.java:72)
	at org.springframework.http.client.AbstractBufferingClientHttpRequest.executeInternal(AbstractBufferingClientHttpRequest.java:48)
	at org.springframework.http.client.AbstractClientHttpRequest.execute(AbstractClientHttpRequest.java:81)
	at org.springframework.web.client.RestTemplate.doExecute(RestTemplate.java:900)
	... 68 more

2025-04-28T10:26:00.431+05:30  WARN 3844 --- [currency-service] [RMI TCP Connection(58)-127.0.0.1] [                                                 ] c.n.d.s.t.d.RetryableEurekaHttpClient    : Request execution failed with message: I/O error on DELETE request for "http://localhost:8761/eureka/apps/CURRENCY-SERVICE/Gopichand:currency-service:8085": Connect to http://localhost:8761 [localhost/127.0.0.1, localhost/0:0:0:0:0:0:0:1] failed: Connection refused: getsockopt
2025-04-28T10:26:00.473+05:30  INFO 3844 --- [currency-service] [RMI TCP Connection(58)-127.0.0.1] [                                                 ] c.n.d.s.t.d.RedirectingEurekaHttpClient  : Request execution error. endpoint=DefaultEndpoint{ serviceUrl='http://localhost:8761/eureka/}, exception=I/O error on DELETE request for "http://localhost:8761/eureka/apps/CURRENCY-SERVICE/Gopichand:currency-service:8085": Connect to http://localhost:8761 [localhost/127.0.0.1, localhost/0:0:0:0:0:0:0:1] failed: Connection refused: getsockopt stacktrace=org.springframework.web.client.ResourceAccessException: I/O error on DELETE request for "http://localhost:8761/eureka/apps/CURRENCY-SERVICE/Gopichand:currency-service:8085": Connect to http://localhost:8761 [localhost/127.0.0.1, localhost/0:0:0:0:0:0:0:1] failed: Connection refused: getsockopt
	at org.springframework.web.client.RestTemplate.createResourceAccessException(RestTemplate.java:926)
	at org.springframework.web.client.RestTemplate.doExecute(RestTemplate.java:906)
	at org.springframework.web.client.RestTemplate.execute(RestTemplate.java:841)
	at org.springframework.web.client.RestTemplate.exchange(RestTemplate.java:702)
	at org.springframework.cloud.netflix.eureka.http.RestTemplateEurekaHttpClient.cancel(RestTemplateEurekaHttpClient.java:100)
	at com.netflix.discovery.shared.transport.decorator.EurekaHttpClientDecorator$2.execute(EurekaHttpClientDecorator.java:74)
	at com.netflix.discovery.shared.transport.decorator.RedirectingEurekaHttpClient.executeOnNewServer(RedirectingEurekaHttpClient.java:121)
	at com.netflix.discovery.shared.transport.decorator.RedirectingEurekaHttpClient.execute(RedirectingEurekaHttpClient.java:80)
	at com.netflix.discovery.shared.transport.decorator.EurekaHttpClientDecorator.cancel(EurekaHttpClientDecorator.java:71)
	at com.netflix.discovery.shared.transport.decorator.EurekaHttpClientDecorator$2.execute(EurekaHttpClientDecorator.java:74)
	at com.netflix.discovery.shared.transport.decorator.RetryableEurekaHttpClient.execute(RetryableEurekaHttpClient.java:120)
	at com.netflix.discovery.shared.transport.decorator.EurekaHttpClientDecorator.cancel(EurekaHttpClientDecorator.java:71)
	at com.netflix.discovery.shared.transport.decorator.EurekaHttpClientDecorator$2.execute(EurekaHttpClientDecorator.java:74)
	at com.netflix.discovery.shared.transport.decorator.SessionedEurekaHttpClient.execute(SessionedEurekaHttpClient.java:76)
	at com.netflix.discovery.shared.transport.decorator.EurekaHttpClientDecorator.cancel(EurekaHttpClientDecorator.java:71)
	at com.netflix.discovery.DiscoveryClient.unregister(DiscoveryClient.java:919)
	at com.netflix.discovery.DiscoveryClient.shutdown(DiscoveryClient.java:900)
	at java.base/jdk.internal.reflect.DirectMethodHandleAccessor.invoke(DirectMethodHandleAccessor.java:103)
	at java.base/java.lang.reflect.Method.invoke(Method.java:580)
	at org.springframework.beans.factory.annotation.InitDestroyAnnotationBeanPostProcessor$LifecycleMethod.invoke(InitDestroyAnnotationBeanPostProcessor.java:457)
	at org.springframework.beans.factory.annotation.InitDestroyAnnotationBeanPostProcessor$LifecycleMetadata.invokeDestroyMethods(InitDestroyAnnotationBeanPostProcessor.java:415)
	at org.springframework.beans.factory.annotation.InitDestroyAnnotationBeanPostProcessor.postProcessBeforeDestruction(InitDestroyAnnotationBeanPostProcessor.java:239)
	at org.springframework.beans.factory.support.DisposableBeanAdapter.destroy(DisposableBeanAdapter.java:202)
	at org.springframework.beans.factory.support.DisposableBeanAdapter.run(DisposableBeanAdapter.java:195)
	at org.springframework.cloud.context.scope.GenericScope$BeanLifecycleWrapper.destroy(GenericScope.java:389)
	at org.springframework.cloud.context.scope.GenericScope.destroy(GenericScope.java:136)
	at org.springframework.beans.factory.support.DisposableBeanAdapter.destroy(DisposableBeanAdapter.java:211)
	at org.springframework.beans.factory.support.DefaultSingletonBeanRegistry.destroyBean(DefaultSingletonBeanRegistry.java:745)
	at org.springframework.beans.factory.support.DefaultSingletonBeanRegistry.destroySingleton(DefaultSingletonBeanRegistry.java:702)
	at org.springframework.beans.factory.support.DefaultListableBeanFactory.destroySingleton(DefaultListableBeanFactory.java:1401)
	at org.springframework.beans.factory.support.DefaultSingletonBeanRegistry.destroySingletons(DefaultSingletonBeanRegistry.java:661)
	at org.springframework.beans.factory.support.DefaultListableBeanFactory.destroySingletons(DefaultListableBeanFactory.java:1394)
	at org.springframework.context.support.AbstractApplicationContext.destroyBeans(AbstractApplicationContext.java:1219)
	at org.springframework.context.support.AbstractApplicationContext.doClose(AbstractApplicationContext.java:1180)
	at org.springframework.boot.web.servlet.context.ServletWebServerApplicationContext.doClose(ServletWebServerApplicationContext.java:179)
	at org.springframework.context.support.AbstractApplicationContext.close(AbstractApplicationContext.java:1126)
	at org.springframework.boot.admin.SpringApplicationAdminMXBeanRegistrar$SpringApplicationAdmin.shutdown(SpringApplicationAdminMXBeanRegistrar.java:160)
	at java.base/jdk.internal.reflect.DirectMethodHandleAccessor.invoke(DirectMethodHandleAccessor.java:103)
	at java.base/java.lang.reflect.Method.invoke(Method.java:580)
	at sun.reflect.misc.Trampoline.invoke(MethodUtil.java:64)
	at java.base/jdk.internal.reflect.DirectMethodHandleAccessor.invoke(DirectMethodHandleAccessor.java:103)
	at java.base/java.lang.reflect.Method.invoke(Method.java:580)
	at java.base/sun.reflect.misc.MethodUtil.invoke(MethodUtil.java:97)
	at java.management/com.sun.jmx.mbeanserver.ConvertingMethod.invokeWithOpenReturn(ConvertingMethod.java:193)
	at java.management/com.sun.jmx.mbeanserver.ConvertingMethod.invokeWithOpenReturn(ConvertingMethod.java:175)
	at java.management/com.sun.jmx.mbeanserver.MXBeanIntrospector.invokeM2(MXBeanIntrospector.java:115)
	at java.management/com.sun.jmx.mbeanserver.MXBeanIntrospector.invokeM2(MXBeanIntrospector.java:52)
	at java.management/com.sun.jmx.mbeanserver.MBeanIntrospector.invokeM(MBeanIntrospector.java:236)
	at java.management/com.sun.jmx.mbeanserver.PerInterface.invoke(PerInterface.java:138)
	at java.management/com.sun.jmx.mbeanserver.MBeanSupport.invoke(MBeanSupport.java:252)
	at java.management/com.sun.jmx.interceptor.DefaultMBeanServerInterceptor.invoke(DefaultMBeanServerInterceptor.java:803)
	at java.management/com.sun.jmx.mbeanserver.JmxMBeanServer.invoke(JmxMBeanServer.java:802)
	at java.management.rmi/javax.management.remote.rmi.RMIConnectionImpl.doOperation(RMIConnectionImpl.java:1472)
	at java.management.rmi/javax.management.remote.rmi.RMIConnectionImpl$PrivilegedOperation.run(RMIConnectionImpl.java:1310)
	at java.management.rmi/javax.management.remote.rmi.RMIConnectionImpl.doPrivilegedOperation(RMIConnectionImpl.java:1405)
	at java.management.rmi/javax.management.remote.rmi.RMIConnectionImpl.invoke(RMIConnectionImpl.java:829)
	at java.base/jdk.internal.reflect.DirectMethodHandleAccessor.invoke(DirectMethodHandleAccessor.java:103)
	at java.base/java.lang.reflect.Method.invoke(Method.java:580)
	at java.rmi/sun.rmi.server.UnicastServerRef.dispatch(UnicastServerRef.java:360)
	at java.rmi/sun.rmi.transport.Transport$1.run(Transport.java:200)
	at java.rmi/sun.rmi.transport.Transport$1.run(Transport.java:197)
	at java.base/java.security.AccessController.doPrivileged(AccessController.java:714)
	at java.rmi/sun.rmi.transport.Transport.serviceCall(Transport.java:196)
	at java.rmi/sun.rmi.transport.tcp.TCPTransport.handleMessages(TCPTransport.java:598)
	at java.rmi/sun.rmi.transport.tcp.TCPTransport$ConnectionHandler.run0(TCPTransport.java:844)
	at java.rmi/sun.rmi.transport.tcp.TCPTransport$ConnectionHandler.lambda$run$0(TCPTransport.java:721)
	at java.base/java.security.AccessController.doPrivileged(AccessController.java:400)
	at java.rmi/sun.rmi.transport.tcp.TCPTransport$ConnectionHandler.run(TCPTransport.java:720)
	at java.base/java.util.concurrent.ThreadPoolExecutor.runWorker(ThreadPoolExecutor.java:1144)
	at java.base/java.util.concurrent.ThreadPoolExecutor$Worker.run(ThreadPoolExecutor.java:642)
	at java.base/java.lang.Thread.run(Thread.java:1583)
Caused by: org.apache.hc.client5.http.HttpHostConnectException: Connect to http://localhost:8761 [localhost/127.0.0.1, localhost/0:0:0:0:0:0:0:1] failed: Connection refused: getsockopt
	at java.base/sun.nio.ch.Net.pollConnect(Native Method)
	at java.base/sun.nio.ch.Net.pollConnectNow(Net.java:682)
	at java.base/sun.nio.ch.NioSocketImpl.timedFinishConnect(NioSocketImpl.java:542)
	at java.base/sun.nio.ch.NioSocketImpl.connect(NioSocketImpl.java:592)
	at java.base/java.net.SocksSocketImpl.connect(SocksSocketImpl.java:327)
	at java.base/java.net.Socket.connect(Socket.java:751)
	at org.apache.hc.client5.http.impl.io.DefaultHttpClientConnectionOperator.connect(DefaultHttpClientConnectionOperator.java:216)
	at org.apache.hc.client5.http.impl.io.PoolingHttpClientConnectionManager.connect(PoolingHttpClientConnectionManager.java:490)
	at org.apache.hc.client5.http.impl.classic.InternalExecRuntime.connectEndpoint(InternalExecRuntime.java:164)
	at org.apache.hc.client5.http.impl.classic.InternalExecRuntime.connectEndpoint(InternalExecRuntime.java:174)
	at org.apache.hc.client5.http.impl.classic.ConnectExec.execute(ConnectExec.java:144)
	at org.apache.hc.client5.http.impl.classic.ExecChainElement.execute(ExecChainElement.java:51)
	at org.apache.hc.client5.http.impl.classic.ProtocolExec.execute(ProtocolExec.java:192)
	at org.apache.hc.client5.http.impl.classic.ExecChainElement.execute(ExecChainElement.java:51)
	at org.apache.hc.client5.http.impl.classic.ContentCompressionExec.execute(ContentCompressionExec.java:150)
	at org.apache.hc.client5.http.impl.classic.ExecChainElement.execute(ExecChainElement.java:51)
	at org.apache.hc.client5.http.impl.classic.HttpRequestRetryExec.execute(HttpRequestRetryExec.java:113)
	at org.apache.hc.client5.http.impl.classic.ExecChainElement.execute(ExecChainElement.java:51)
	at org.apache.hc.client5.http.impl.classic.RedirectExec.execute(RedirectExec.java:110)
	at org.apache.hc.client5.http.impl.classic.ExecChainElement.execute(ExecChainElement.java:51)
	at org.apache.hc.client5.http.impl.classic.InternalHttpClient.doExecute(InternalHttpClient.java:174)
	at org.apache.hc.client5.http.impl.classic.CloseableHttpClient.execute(CloseableHttpClient.java:87)
	at org.apache.hc.client5.http.impl.classic.CloseableHttpClient.execute(CloseableHttpClient.java:55)
	at org.apache.hc.client5.http.classic.HttpClient.executeOpen(HttpClient.java:183)
	at org.springframework.http.client.HttpComponentsClientHttpRequest.executeInternal(HttpComponentsClientHttpRequest.java:99)
	at org.springframework.http.client.AbstractStreamingClientHttpRequest.executeInternal(AbstractStreamingClientHttpRequest.java:71)
	at org.springframework.http.client.AbstractClientHttpRequest.execute(AbstractClientHttpRequest.java:81)
	at org.springframework.http.client.InterceptingClientHttpRequest$InterceptingRequestExecution.execute(InterceptingClientHttpRequest.java:117)
	at org.springframework.cloud.netflix.eureka.http.RestTemplateTransportClientFactory.lambda$restTemplate$2(RestTemplateTransportClientFactory.java:145)
	at org.springframework.http.client.InterceptingClientHttpRequest$InterceptingRequestExecution.execute(InterceptingClientHttpRequest.java:88)
	at org.springframework.http.client.InterceptingClientHttpRequest.executeInternal(InterceptingClientHttpRequest.java:72)
	at org.springframework.http.client.AbstractBufferingClientHttpRequest.executeInternal(AbstractBufferingClientHttpRequest.java:48)
	at org.springframework.http.client.AbstractClientHttpRequest.execute(AbstractClientHttpRequest.java:81)
	at org.springframework.web.client.RestTemplate.doExecute(RestTemplate.java:900)
	... 69 more

2025-04-28T10:26:00.473+05:30  WARN 3844 --- [currency-service] [RMI TCP Connection(58)-127.0.0.1] [                                                 ] c.n.d.s.t.d.RetryableEurekaHttpClient    : Request execution failed with message: I/O error on DELETE request for "http://localhost:8761/eureka/apps/CURRENCY-SERVICE/Gopichand:currency-service:8085": Connect to http://localhost:8761 [localhost/127.0.0.1, localhost/0:0:0:0:0:0:0:1] failed: Connection refused: getsockopt
2025-04-28T10:26:00.474+05:30 ERROR 3844 --- [currency-service] [RMI TCP Connection(58)-127.0.0.1] [                                                 ] com.netflix.discovery.DiscoveryClient    : DiscoveryClient_CURRENCY-SERVICE/Gopichand:currency-service:8085 - de-registration failedCannot execute request on any known server

com.netflix.discovery.shared.transport.TransportException: Cannot execute request on any known server
	at com.netflix.discovery.shared.transport.decorator.RetryableEurekaHttpClient.execute(RetryableEurekaHttpClient.java:112) ~[eureka-client-2.0.4.jar:2.0.4]
	at com.netflix.discovery.shared.transport.decorator.EurekaHttpClientDecorator.cancel(EurekaHttpClientDecorator.java:71) ~[eureka-client-2.0.4.jar:2.0.4]
	at com.netflix.discovery.shared.transport.decorator.EurekaHttpClientDecorator$2.execute(EurekaHttpClientDecorator.java:74) ~[eureka-client-2.0.4.jar:2.0.4]
	at com.netflix.discovery.shared.transport.decorator.SessionedEurekaHttpClient.execute(SessionedEurekaHttpClient.java:76) ~[eureka-client-2.0.4.jar:2.0.4]
	at com.netflix.discovery.shared.transport.decorator.EurekaHttpClientDecorator.cancel(EurekaHttpClientDecorator.java:71) ~[eureka-client-2.0.4.jar:2.0.4]
	at com.netflix.discovery.DiscoveryClient.unregister(DiscoveryClient.java:919) ~[eureka-client-2.0.4.jar:2.0.4]
	at com.netflix.discovery.DiscoveryClient.shutdown(DiscoveryClient.java:900) ~[eureka-client-2.0.4.jar:2.0.4]
	at java.base/jdk.internal.reflect.DirectMethodHandleAccessor.invoke(DirectMethodHandleAccessor.java:103) ~[na:na]
	at java.base/java.lang.reflect.Method.invoke(Method.java:580) ~[na:na]
	at org.springframework.beans.factory.annotation.InitDestroyAnnotationBeanPostProcessor$LifecycleMethod.invoke(InitDestroyAnnotationBeanPostProcessor.java:457) ~[spring-beans-6.2.5.jar:6.2.5]
	at org.springframework.beans.factory.annotation.InitDestroyAnnotationBeanPostProcessor$LifecycleMetadata.invokeDestroyMethods(InitDestroyAnnotationBeanPostProcessor.java:415) ~[spring-beans-6.2.5.jar:6.2.5]
	at org.springframework.beans.factory.annotation.InitDestroyAnnotationBeanPostProcessor.postProcessBeforeDestruction(InitDestroyAnnotationBeanPostProcessor.java:239) ~[spring-beans-6.2.5.jar:6.2.5]
	at org.springframework.beans.factory.support.DisposableBeanAdapter.destroy(DisposableBeanAdapter.java:202) ~[spring-beans-6.2.5.jar:6.2.5]
	at org.springframework.beans.factory.support.DisposableBeanAdapter.run(DisposableBeanAdapter.java:195) ~[spring-beans-6.2.5.jar:6.2.5]
	at org.springframework.cloud.context.scope.GenericScope$BeanLifecycleWrapper.destroy(GenericScope.java:389) ~[spring-cloud-context-4.2.1.jar:4.2.1]
	at org.springframework.cloud.context.scope.GenericScope.destroy(GenericScope.java:136) ~[spring-cloud-context-4.2.1.jar:4.2.1]
	at org.springframework.beans.factory.support.DisposableBeanAdapter.destroy(DisposableBeanAdapter.java:211) ~[spring-beans-6.2.5.jar:6.2.5]
	at org.springframework.beans.factory.support.DefaultSingletonBeanRegistry.destroyBean(DefaultSingletonBeanRegistry.java:745) ~[spring-beans-6.2.5.jar:6.2.5]
	at org.springframework.beans.factory.support.DefaultSingletonBeanRegistry.destroySingleton(DefaultSingletonBeanRegistry.java:702) ~[spring-beans-6.2.5.jar:6.2.5]
	at org.springframework.beans.factory.support.DefaultListableBeanFactory.destroySingleton(DefaultListableBeanFactory.java:1401) ~[spring-beans-6.2.5.jar:6.2.5]
	at org.springframework.beans.factory.support.DefaultSingletonBeanRegistry.destroySingletons(DefaultSingletonBeanRegistry.java:661) ~[spring-beans-6.2.5.jar:6.2.5]
	at org.springframework.beans.factory.support.DefaultListableBeanFactory.destroySingletons(DefaultListableBeanFactory.java:1394) ~[spring-beans-6.2.5.jar:6.2.5]
	at org.springframework.context.support.AbstractApplicationContext.destroyBeans(AbstractApplicationContext.java:1219) ~[spring-context-6.2.5.jar:6.2.5]
	at org.springframework.context.support.AbstractApplicationContext.doClose(AbstractApplicationContext.java:1180) ~[spring-context-6.2.5.jar:6.2.5]
	at org.springframework.boot.web.servlet.context.ServletWebServerApplicationContext.doClose(ServletWebServerApplicationContext.java:179) ~[spring-boot-3.4.4.jar:3.4.4]
	at org.springframework.context.support.AbstractApplicationContext.close(AbstractApplicationContext.java:1126) ~[spring-context-6.2.5.jar:6.2.5]
	at org.springframework.boot.admin.SpringApplicationAdminMXBeanRegistrar$SpringApplicationAdmin.shutdown(SpringApplicationAdminMXBeanRegistrar.java:160) ~[spring-boot-3.4.4.jar:3.4.4]
	at java.base/jdk.internal.reflect.DirectMethodHandleAccessor.invoke(DirectMethodHandleAccessor.java:103) ~[na:na]
	at java.base/java.lang.reflect.Method.invoke(Method.java:580) ~[na:na]
	at sun.reflect.misc.Trampoline.invoke(MethodUtil.java:64) ~[na:na]
	at java.base/jdk.internal.reflect.DirectMethodHandleAccessor.invoke(DirectMethodHandleAccessor.java:103) ~[na:na]
	at java.base/java.lang.reflect.Method.invoke(Method.java:580) ~[na:na]
	at java.base/sun.reflect.misc.MethodUtil.invoke(MethodUtil.java:97) ~[na:na]
	at java.management/com.sun.jmx.mbeanserver.ConvertingMethod.invokeWithOpenReturn(ConvertingMethod.java:193) ~[na:na]
	at java.management/com.sun.jmx.mbeanserver.ConvertingMethod.invokeWithOpenReturn(ConvertingMethod.java:175) ~[na:na]
	at java.management/com.sun.jmx.mbeanserver.MXBeanIntrospector.invokeM2(MXBeanIntrospector.java:115) ~[na:na]
	at java.management/com.sun.jmx.mbeanserver.MXBeanIntrospector.invokeM2(MXBeanIntrospector.java:52) ~[na:na]
	at java.management/com.sun.jmx.mbeanserver.MBeanIntrospector.invokeM(MBeanIntrospector.java:236) ~[na:na]
	at java.management/com.sun.jmx.mbeanserver.PerInterface.invoke(PerInterface.java:138) ~[na:na]
	at java.management/com.sun.jmx.mbeanserver.MBeanSupport.invoke(MBeanSupport.java:252) ~[na:na]
	at java.management/com.sun.jmx.interceptor.DefaultMBeanServerInterceptor.invoke(DefaultMBeanServerInterceptor.java:803) ~[na:na]
	at java.management/com.sun.jmx.mbeanserver.JmxMBeanServer.invoke(JmxMBeanServer.java:802) ~[na:na]
	at java.management.rmi/javax.management.remote.rmi.RMIConnectionImpl.doOperation(RMIConnectionImpl.java:1472) ~[na:na]
	at java.management.rmi/javax.management.remote.rmi.RMIConnectionImpl$PrivilegedOperation.run(RMIConnectionImpl.java:1310) ~[na:na]
	at java.management.rmi/javax.management.remote.rmi.RMIConnectionImpl.doPrivilegedOperation(RMIConnectionImpl.java:1405) ~[na:na]
	at java.management.rmi/javax.management.remote.rmi.RMIConnectionImpl.invoke(RMIConnectionImpl.java:829) ~[na:na]
	at java.base/jdk.internal.reflect.DirectMethodHandleAccessor.invoke(DirectMethodHandleAccessor.java:103) ~[na:na]
	at java.base/java.lang.reflect.Method.invoke(Method.java:580) ~[na:na]
	at java.rmi/sun.rmi.server.UnicastServerRef.dispatch(UnicastServerRef.java:360) ~[na:na]
	at java.rmi/sun.rmi.transport.Transport$1.run(Transport.java:200) ~[na:na]
	at java.rmi/sun.rmi.transport.Transport$1.run(Transport.java:197) ~[na:na]
	at java.base/java.security.AccessController.doPrivileged(AccessController.java:714) ~[na:na]
	at java.rmi/sun.rmi.transport.Transport.serviceCall(Transport.java:196) ~[na:na]
	at java.rmi/sun.rmi.transport.tcp.TCPTransport.handleMessages(TCPTransport.java:598) ~[na:na]
	at java.rmi/sun.rmi.transport.tcp.TCPTransport$ConnectionHandler.run0(TCPTransport.java:844) ~[na:na]
	at java.rmi/sun.rmi.transport.tcp.TCPTransport$ConnectionHandler.lambda$run$0(TCPTransport.java:721) ~[na:na]
	at java.base/java.security.AccessController.doPrivileged(AccessController.java:400) ~[na:na]
	at java.rmi/sun.rmi.transport.tcp.TCPTransport$ConnectionHandler.run(TCPTransport.java:720) ~[na:na]
	at java.base/java.util.concurrent.ThreadPoolExecutor.runWorker(ThreadPoolExecutor.java:1144) ~[na:na]
	at java.base/java.util.concurrent.ThreadPoolExecutor$Worker.run(ThreadPoolExecutor.java:642) ~[na:na]
	at java.base/java.lang.Thread.run(Thread.java:1583) ~[na:na]

2025-04-28T10:26:00.476+05:30  INFO 3844 --- [currency-service] [RMI TCP Connection(58)-127.0.0.1] [                                                 ] com.netflix.discovery.DiscoveryClient    : Completed shut down of DiscoveryClient
2025-04-28T10:28:28.741+05:30  INFO 15684 --- [currency-service] [restartedMain] [                                                 ] c.l.currency.CurrencyServiceApplication  : Starting CurrencyServiceApplication using Java 21.0.6 with PID 15684 (D:\SpringMicroservices\currency-service\target\classes started by gopic in D:\SpringMicroservices\currency-service)
2025-04-28T10:28:28.750+05:30  INFO 15684 --- [currency-service] [restartedMain] [                                                 ] c.l.currency.CurrencyServiceApplication  : The following 1 profile is active: "dev"
2025-04-28T10:28:28.854+05:30  INFO 15684 --- [currency-service] [restartedMain] [                                                 ] o.s.c.c.c.ConfigServerConfigDataLoader   : Fetching config from server at : http://localhost:8888
2025-04-28T10:28:28.855+05:30  INFO 15684 --- [currency-service] [restartedMain] [                                                 ] o.s.c.c.c.ConfigServerConfigDataLoader   : Exception on Url - http://localhost:8888:org.springframework.web.client.ResourceAccessException: I/O error on GET request for "http://localhost:8888/currency-service/default": Connection refused: getsockopt. Will be trying the next url if available
2025-04-28T10:28:28.855+05:30  WARN 15684 --- [currency-service] [restartedMain] [                                                 ] o.s.c.c.c.ConfigServerConfigDataLoader   : Could not locate PropertySource ([ConfigServerConfigDataResource@806c438 uris = array<String>['http://localhost:8888'], optional = true, profiles = 'default']): I/O error on GET request for "http://localhost:8888/currency-service/default": Connection refused: getsockopt
2025-04-28T10:28:28.856+05:30  INFO 15684 --- [currency-service] [restartedMain] [                                                 ] o.s.c.c.c.ConfigServerConfigDataLoader   : Fetching config from server at : http://localhost:8888
2025-04-28T10:28:28.856+05:30  INFO 15684 --- [currency-service] [restartedMain] [                                                 ] o.s.c.c.c.ConfigServerConfigDataLoader   : Exception on Url - http://localhost:8888:org.springframework.web.client.ResourceAccessException: I/O error on GET request for "http://localhost:8888/currency-service/dev": Connection refused: getsockopt. Will be trying the next url if available
2025-04-28T10:28:28.857+05:30  WARN 15684 --- [currency-service] [restartedMain] [                                                 ] o.s.c.c.c.ConfigServerConfigDataLoader   : Could not locate PropertySource ([ConfigServerConfigDataResource@8281385 uris = array<String>['http://localhost:8888'], optional = true, profiles = 'dev']): I/O error on GET request for "http://localhost:8888/currency-service/dev": Connection refused: getsockopt
2025-04-28T10:28:28.857+05:30  INFO 15684 --- [currency-service] [restartedMain] [                                                 ] o.s.c.c.c.ConfigServerConfigDataLoader   : Fetching config from server at : http://localhost:8888
2025-04-28T10:28:28.857+05:30  INFO 15684 --- [currency-service] [restartedMain] [                                                 ] o.s.c.c.c.ConfigServerConfigDataLoader   : Exception on Url - http://localhost:8888:org.springframework.web.client.ResourceAccessException: I/O error on GET request for "http://localhost:8888/currency-service/default": Connection refused: getsockopt. Will be trying the next url if available
2025-04-28T10:28:28.858+05:30  WARN 15684 --- [currency-service] [restartedMain] [                                                 ] o.s.c.c.c.ConfigServerConfigDataLoader   : Could not locate PropertySource ([ConfigServerConfigDataResource@50de77cf uris = array<String>['http://localhost:8888'], optional = true, profiles = 'default']): I/O error on GET request for "http://localhost:8888/currency-service/default": Connection refused: getsockopt
2025-04-28T10:28:28.863+05:30  INFO 15684 --- [currency-service] [restartedMain] [                                                 ] .e.DevToolsPropertyDefaultsPostProcessor : Devtools property defaults active! Set 'spring.devtools.add-properties' to 'false' to disable
2025-04-28T10:28:28.864+05:30  INFO 15684 --- [currency-service] [restartedMain] [                                                 ] .e.DevToolsPropertyDefaultsPostProcessor : For additional web related logging consider setting the 'logging.level.web' property to 'DEBUG'
2025-04-28T10:28:31.865+05:30  INFO 15684 --- [currency-service] [restartedMain] [                                                 ] .s.d.r.c.RepositoryConfigurationDelegate : Bootstrapping Spring Data JPA repositories in DEFAULT mode.
2025-04-28T10:28:32.172+05:30  INFO 15684 --- [currency-service] [restartedMain] [                                                 ] .s.d.r.c.RepositoryConfigurationDelegate : Finished Spring Data repository scanning in 285 ms. Found 1 JPA repository interface.
2025-04-28T10:28:33.086+05:30  INFO 15684 --- [currency-service] [restartedMain] [                                                 ] o.s.cloud.context.scope.GenericScope     : BeanFactory id=72a5882e-f5e5-39fa-8c57-170e1e891016
2025-04-28T10:28:35.035+05:30  INFO 15684 --- [currency-service] [restartedMain] [                                                 ] o.s.b.w.embedded.tomcat.TomcatWebServer  : Tomcat initialized with port 8085 (http)
2025-04-28T10:28:35.065+05:30  INFO 15684 --- [currency-service] [restartedMain] [                                                 ] o.apache.catalina.core.StandardService   : Starting service [Tomcat]
2025-04-28T10:28:35.067+05:30  INFO 15684 --- [currency-service] [restartedMain] [                                                 ] o.apache.catalina.core.StandardEngine    : Starting Servlet engine: [Apache Tomcat/10.1.39]
2025-04-28T10:28:35.191+05:30  INFO 15684 --- [currency-service] [restartedMain] [                                                 ] o.a.c.c.C.[Tomcat].[localhost].[/]       : Initializing Spring embedded WebApplicationContext
2025-04-28T10:28:35.192+05:30  INFO 15684 --- [currency-service] [restartedMain] [                                                 ] w.s.c.ServletWebServerApplicationContext : Root WebApplicationContext: initialization completed in 6327 ms
2025-04-28T10:28:36.674+05:30  INFO 15684 --- [currency-service] [restartedMain] [                                                 ] com.zaxxer.hikari.HikariDataSource       : HikariPool-1 - Starting...
2025-04-28T10:28:36.967+05:30  INFO 15684 --- [currency-service] [restartedMain] [                                                 ] com.zaxxer.hikari.pool.HikariPool        : HikariPool-1 - Added connection conn0: url=jdbc:h2:mem:fc615996-012c-46f3-85dc-1c4219e2dc86 user=SA
2025-04-28T10:28:36.971+05:30  INFO 15684 --- [currency-service] [restartedMain] [                                                 ] com.zaxxer.hikari.HikariDataSource       : HikariPool-1 - Start completed.
2025-04-28T10:28:37.047+05:30  INFO 15684 --- [currency-service] [restartedMain] [                                                 ] o.hibernate.jpa.internal.util.LogHelper  : HHH000204: Processing PersistenceUnitInfo [name: default]
2025-04-28T10:28:37.118+05:30  INFO 15684 --- [currency-service] [restartedMain] [                                                 ] org.hibernate.Version                    : HHH000412: Hibernate ORM core version 6.6.11.Final
2025-04-28T10:28:37.176+05:30  INFO 15684 --- [currency-service] [restartedMain] [                                                 ] o.h.c.internal.RegionFactoryInitiator    : HHH000026: Second-level cache disabled
2025-04-28T10:28:37.667+05:30  INFO 15684 --- [currency-service] [restartedMain] [                                                 ] o.s.o.j.p.SpringPersistenceUnitInfo      : No LoadTimeWeaver setup: ignoring JPA class transformer
2025-04-28T10:28:37.823+05:30  INFO 15684 --- [currency-service] [restartedMain] [                                                 ] org.hibernate.orm.connections.pooling    : HHH10001005: Database info:
	Database JDBC URL [Connecting through datasource 'HikariDataSource (HikariPool-1)']
	Database driver: undefined/unknown
	Database version: 2.3.232
	Autocommit mode: undefined/unknown
	Isolation level: undefined/unknown
	Minimum pool size: undefined/unknown
	Maximum pool size: undefined/unknown
2025-04-28T10:28:39.083+05:30  INFO 15684 --- [currency-service] [restartedMain] [                                                 ] o.h.e.t.j.p.i.JtaPlatformInitiator       : HHH000489: No JTA platform available (set 'hibernate.transaction.jta.platform' to enable JTA platform integration)
2025-04-28T10:28:39.121+05:30  INFO 15684 --- [currency-service] [restartedMain] [                                                 ] j.LocalContainerEntityManagerFactoryBean : Initialized JPA EntityManagerFactory for persistence unit 'default'
2025-04-28T10:28:39.754+05:30  WARN 15684 --- [currency-service] [restartedMain] [                                                 ] JpaBaseConfiguration$JpaWebConfiguration : spring.jpa.open-in-view is enabled by default. Therefore, database queries may be performed during view rendering. Explicitly configure spring.jpa.open-in-view to disable this warning
2025-04-28T10:28:39.948+05:30  WARN 15684 --- [currency-service] [restartedMain] [                                                 ] o.s.b.d.a.OptionalLiveReloadServer       : Unable to start LiveReload server
2025-04-28T10:28:40.053+05:30  INFO 15684 --- [currency-service] [restartedMain] [                                                 ] o.s.c.openfeign.FeignClientFactoryBean   : For 'currency-exchange' URL not provided. Will try picking an instance via load-balancing.
2025-04-28T10:28:40.342+05:30  WARN 15684 --- [currency-service] [restartedMain] [                                                 ] ConfigServletWebServerApplicationContext : Exception encountered during context initialization - cancelling refresh attempt: org.springframework.beans.factory.BeanCreationException: Error creating bean with name 'currencyController': Injection of autowired dependencies failed
2025-04-28T10:28:40.345+05:30  WARN 15684 --- [currency-service] [restartedMain] [                                                 ] s.c.a.AnnotationConfigApplicationContext : Exception thrown from ApplicationListener handling ContextClosedEvent

org.springframework.beans.factory.BeanCreationNotAllowedException: Error creating bean with name 'applicationTaskExecutor': Singleton bean creation not allowed while singletons of this factory are in destruction (Do not request a bean from a BeanFactory in a destroy method implementation!)
	at org.springframework.beans.factory.support.DefaultSingletonBeanRegistry.getSingleton(DefaultSingletonBeanRegistry.java:292) ~[spring-beans-6.2.5.jar:6.2.5]
	at org.springframework.beans.factory.support.AbstractBeanFactory.doGetBean(AbstractBeanFactory.java:337) ~[spring-beans-6.2.5.jar:6.2.5]
	at org.springframework.beans.factory.support.AbstractBeanFactory.getBean(AbstractBeanFactory.java:207) ~[spring-beans-6.2.5.jar:6.2.5]
	at org.springframework.context.event.AbstractApplicationEventMulticaster.retrieveApplicationListeners(AbstractApplicationEventMulticaster.java:267) ~[spring-context-6.2.5.jar:6.2.5]
	at org.springframework.context.event.AbstractApplicationEventMulticaster.getApplicationListeners(AbstractApplicationEventMulticaster.java:223) ~[spring-context-6.2.5.jar:6.2.5]
	at org.springframework.context.event.SimpleApplicationEventMulticaster.multicastEvent(SimpleApplicationEventMulticaster.java:145) ~[spring-context-6.2.5.jar:6.2.5]
	at org.springframework.context.support.AbstractApplicationContext.publishEvent(AbstractApplicationContext.java:454) ~[spring-context-6.2.5.jar:6.2.5]
	at org.springframework.context.support.AbstractApplicationContext.publishEvent(AbstractApplicationContext.java:460) ~[spring-context-6.2.5.jar:6.2.5]
	at org.springframework.context.support.AbstractApplicationContext.publishEvent(AbstractApplicationContext.java:387) ~[spring-context-6.2.5.jar:6.2.5]
	at org.springframework.context.support.AbstractApplicationContext.doClose(AbstractApplicationContext.java:1163) ~[spring-context-6.2.5.jar:6.2.5]
	at org.springframework.context.support.AbstractApplicationContext.close(AbstractApplicationContext.java:1126) ~[spring-context-6.2.5.jar:6.2.5]
	at org.springframework.cloud.context.named.NamedContextFactory.destroy(NamedContextFactory.java:114) ~[spring-cloud-context-4.2.1.jar:4.2.1]
	at org.springframework.beans.factory.support.DisposableBeanAdapter.destroy(DisposableBeanAdapter.java:211) ~[spring-beans-6.2.5.jar:6.2.5]
	at org.springframework.beans.factory.support.DefaultSingletonBeanRegistry.destroyBean(DefaultSingletonBeanRegistry.java:745) ~[spring-beans-6.2.5.jar:6.2.5]
	at org.springframework.beans.factory.support.DefaultSingletonBeanRegistry.destroySingleton(DefaultSingletonBeanRegistry.java:702) ~[spring-beans-6.2.5.jar:6.2.5]
	at org.springframework.beans.factory.support.DefaultListableBeanFactory.destroySingleton(DefaultListableBeanFactory.java:1401) ~[spring-beans-6.2.5.jar:6.2.5]
	at org.springframework.beans.factory.support.DefaultSingletonBeanRegistry.destroySingletons(DefaultSingletonBeanRegistry.java:661) ~[spring-beans-6.2.5.jar:6.2.5]
	at org.springframework.beans.factory.support.DefaultListableBeanFactory.destroySingletons(DefaultListableBeanFactory.java:1394) ~[spring-beans-6.2.5.jar:6.2.5]
	at org.springframework.context.support.AbstractApplicationContext.destroyBeans(AbstractApplicationContext.java:1219) ~[spring-context-6.2.5.jar:6.2.5]
	at org.springframework.context.support.AbstractApplicationContext.refresh(AbstractApplicationContext.java:640) ~[spring-context-6.2.5.jar:6.2.5]
	at org.springframework.boot.web.servlet.context.ServletWebServerApplicationContext.refresh(ServletWebServerApplicationContext.java:146) ~[spring-boot-3.4.4.jar:3.4.4]
	at org.springframework.boot.SpringApplication.refresh(SpringApplication.java:752) ~[spring-boot-3.4.4.jar:3.4.4]
	at org.springframework.boot.SpringApplication.refreshContext(SpringApplication.java:439) ~[spring-boot-3.4.4.jar:3.4.4]
	at org.springframework.boot.SpringApplication.run(SpringApplication.java:318) ~[spring-boot-3.4.4.jar:3.4.4]
	at org.springframework.boot.SpringApplication.run(SpringApplication.java:1361) ~[spring-boot-3.4.4.jar:3.4.4]
	at org.springframework.boot.SpringApplication.run(SpringApplication.java:1350) ~[spring-boot-3.4.4.jar:3.4.4]
	at com.lokesh.currency.CurrencyServiceApplication.main(CurrencyServiceApplication.java:13) ~[classes/:na]
	at java.base/jdk.internal.reflect.DirectMethodHandleAccessor.invoke(DirectMethodHandleAccessor.java:103) ~[na:na]
	at java.base/java.lang.reflect.Method.invoke(Method.java:580) ~[na:na]
	at org.springframework.boot.devtools.restart.RestartLauncher.run(RestartLauncher.java:50) ~[spring-boot-devtools-3.4.4.jar:3.4.4]

2025-04-28T10:28:40.353+05:30  INFO 15684 --- [currency-service] [restartedMain] [                                                 ] j.LocalContainerEntityManagerFactoryBean : Closing JPA EntityManagerFactory for persistence unit 'default'
2025-04-28T10:28:40.363+05:30  WARN 15684 --- [currency-service] [restartedMain] [                                                 ] o.s.b.f.support.DisposableBeanAdapter    : Invocation of destroy method failed on bean with name 'inMemoryDatabaseShutdownExecutor': org.h2.jdbc.JdbcSQLNonTransientConnectionException: Database is already closed (to disable automatic closing at VM shutdown, add ";DB_CLOSE_ON_EXIT=FALSE" to the db URL) [90121-232]
2025-04-28T10:28:40.364+05:30  INFO 15684 --- [currency-service] [restartedMain] [                                                 ] com.zaxxer.hikari.HikariDataSource       : HikariPool-1 - Shutdown initiated...
2025-04-28T10:28:40.366+05:30  INFO 15684 --- [currency-service] [restartedMain] [                                                 ] com.zaxxer.hikari.HikariDataSource       : HikariPool-1 - Shutdown completed.
2025-04-28T10:28:41.378+05:30  WARN 15684 --- [currency-service] [restartedMain] [                                                 ] z.r.i.AsyncReporter$BoundedAsyncReporter : Timed out waiting for in-flight spans to send
2025-04-28T10:28:41.386+05:30  INFO 15684 --- [currency-service] [restartedMain] [                                                 ] o.apache.catalina.core.StandardService   : Stopping service [Tomcat]
2025-04-28T10:28:41.413+05:30  INFO 15684 --- [currency-service] [restartedMain] [                                                 ] .s.b.a.l.ConditionEvaluationReportLogger : 

Error starting ApplicationContext. To display the condition evaluation report re-run your application with 'debug' enabled.
2025-04-28T10:28:41.447+05:30 ERROR 15684 --- [currency-service] [restartedMain] [                                                 ] o.s.boot.SpringApplication               : Application run failed

org.springframework.beans.factory.BeanCreationException: Error creating bean with name 'currencyController': Injection of autowired dependencies failed
	at org.springframework.beans.factory.annotation.AutowiredAnnotationBeanPostProcessor.postProcessProperties(AutowiredAnnotationBeanPostProcessor.java:515) ~[spring-beans-6.2.5.jar:6.2.5]
	at org.springframework.beans.factory.support.AbstractAutowireCapableBeanFactory.populateBean(AbstractAutowireCapableBeanFactory.java:1445) ~[spring-beans-6.2.5.jar:6.2.5]
	at org.springframework.beans.factory.support.AbstractAutowireCapableBeanFactory.doCreateBean(AbstractAutowireCapableBeanFactory.java:600) ~[spring-beans-6.2.5.jar:6.2.5]
	at org.springframework.beans.factory.support.AbstractAutowireCapableBeanFactory.createBean(AbstractAutowireCapableBeanFactory.java:523) ~[spring-beans-6.2.5.jar:6.2.5]
	at org.springframework.beans.factory.support.AbstractBeanFactory.lambda$doGetBean$0(AbstractBeanFactory.java:339) ~[spring-beans-6.2.5.jar:6.2.5]
	at org.springframework.beans.factory.support.DefaultSingletonBeanRegistry.getSingleton(DefaultSingletonBeanRegistry.java:347) ~[spring-beans-6.2.5.jar:6.2.5]
	at org.springframework.beans.factory.support.AbstractBeanFactory.doGetBean(AbstractBeanFactory.java:337) ~[spring-beans-6.2.5.jar:6.2.5]
	at org.springframework.beans.factory.support.AbstractBeanFactory.getBean(AbstractBeanFactory.java:202) ~[spring-beans-6.2.5.jar:6.2.5]
	at org.springframework.beans.factory.support.DefaultListableBeanFactory.instantiateSingleton(DefaultListableBeanFactory.java:1155) ~[spring-beans-6.2.5.jar:6.2.5]
	at org.springframework.beans.factory.support.DefaultListableBeanFactory.preInstantiateSingleton(DefaultListableBeanFactory.java:1121) ~[spring-beans-6.2.5.jar:6.2.5]
	at org.springframework.beans.factory.support.DefaultListableBeanFactory.preInstantiateSingletons(DefaultListableBeanFactory.java:1056) ~[spring-beans-6.2.5.jar:6.2.5]
	at org.springframework.context.support.AbstractApplicationContext.finishBeanFactoryInitialization(AbstractApplicationContext.java:987) ~[spring-context-6.2.5.jar:6.2.5]
	at org.springframework.context.support.AbstractApplicationContext.refresh(AbstractApplicationContext.java:627) ~[spring-context-6.2.5.jar:6.2.5]
	at org.springframework.boot.web.servlet.context.ServletWebServerApplicationContext.refresh(ServletWebServerApplicationContext.java:146) ~[spring-boot-3.4.4.jar:3.4.4]
	at org.springframework.boot.SpringApplication.refresh(SpringApplication.java:752) ~[spring-boot-3.4.4.jar:3.4.4]
	at org.springframework.boot.SpringApplication.refreshContext(SpringApplication.java:439) ~[spring-boot-3.4.4.jar:3.4.4]
	at org.springframework.boot.SpringApplication.run(SpringApplication.java:318) ~[spring-boot-3.4.4.jar:3.4.4]
	at org.springframework.boot.SpringApplication.run(SpringApplication.java:1361) ~[spring-boot-3.4.4.jar:3.4.4]
	at org.springframework.boot.SpringApplication.run(SpringApplication.java:1350) ~[spring-boot-3.4.4.jar:3.4.4]
	at com.lokesh.currency.CurrencyServiceApplication.main(CurrencyServiceApplication.java:13) ~[classes/:na]
	at java.base/jdk.internal.reflect.DirectMethodHandleAccessor.invoke(DirectMethodHandleAccessor.java:103) ~[na:na]
	at java.base/java.lang.reflect.Method.invoke(Method.java:580) ~[na:na]
	at org.springframework.boot.devtools.restart.RestartLauncher.run(RestartLauncher.java:50) ~[spring-boot-devtools-3.4.4.jar:3.4.4]
Caused by: org.springframework.util.PlaceholderResolutionException: Could not resolve placeholder 'my.custom.property' in value "${my.custom.property}"
	at org.springframework.util.PlaceholderResolutionException.withValue(PlaceholderResolutionException.java:81) ~[spring-core-6.2.5.jar:6.2.5]
	at org.springframework.util.PlaceholderParser$ParsedValue.resolve(PlaceholderParser.java:423) ~[spring-core-6.2.5.jar:6.2.5]
	at org.springframework.util.PlaceholderParser.replacePlaceholders(PlaceholderParser.java:128) ~[spring-core-6.2.5.jar:6.2.5]
	at org.springframework.util.PropertyPlaceholderHelper.parseStringValue(PropertyPlaceholderHelper.java:118) ~[spring-core-6.2.5.jar:6.2.5]
	at org.springframework.util.PropertyPlaceholderHelper.replacePlaceholders(PropertyPlaceholderHelper.java:114) ~[spring-core-6.2.5.jar:6.2.5]
	at org.springframework.core.env.AbstractPropertyResolver.doResolvePlaceholders(AbstractPropertyResolver.java:255) ~[spring-core-6.2.5.jar:6.2.5]
	at org.springframework.core.env.AbstractPropertyResolver.resolveRequiredPlaceholders(AbstractPropertyResolver.java:226) ~[spring-core-6.2.5.jar:6.2.5]
	at org.springframework.context.support.PropertySourcesPlaceholderConfigurer.lambda$processProperties$0(PropertySourcesPlaceholderConfigurer.java:201) ~[spring-context-6.2.5.jar:6.2.5]
	at org.springframework.beans.factory.support.AbstractBeanFactory.resolveEmbeddedValue(AbstractBeanFactory.java:971) ~[spring-beans-6.2.5.jar:6.2.5]
	at org.springframework.beans.factory.support.DefaultListableBeanFactory.doResolveDependency(DefaultListableBeanFactory.java:1577) ~[spring-beans-6.2.5.jar:6.2.5]
	at org.springframework.beans.factory.support.DefaultListableBeanFactory.resolveDependency(DefaultListableBeanFactory.java:1555) ~[spring-beans-6.2.5.jar:6.2.5]
	at org.springframework.beans.factory.annotation.AutowiredAnnotationBeanPostProcessor$AutowiredFieldElement.resolveFieldValue(AutowiredAnnotationBeanPostProcessor.java:785) ~[spring-beans-6.2.5.jar:6.2.5]
	at org.springframework.beans.factory.annotation.AutowiredAnnotationBeanPostProcessor$AutowiredFieldElement.inject(AutowiredAnnotationBeanPostProcessor.java:768) ~[spring-beans-6.2.5.jar:6.2.5]
	at org.springframework.beans.factory.annotation.InjectionMetadata.inject(InjectionMetadata.java:146) ~[spring-beans-6.2.5.jar:6.2.5]
	at org.springframework.beans.factory.annotation.AutowiredAnnotationBeanPostProcessor.postProcessProperties(AutowiredAnnotationBeanPostProcessor.java:509) ~[spring-beans-6.2.5.jar:6.2.5]
	... 22 common frames omitted

2025-04-28T10:29:03.682+05:30  INFO 15660 --- [currency-service] [restartedMain] [                                                 ] c.l.currency.CurrencyServiceApplication  : Starting CurrencyServiceApplication using Java 21.0.6 with PID 15660 (D:\SpringMicroservices\currency-service\target\classes started by gopic in D:\SpringMicroservices\currency-service)
2025-04-28T10:29:03.687+05:30  INFO 15660 --- [currency-service] [restartedMain] [                                                 ] c.l.currency.CurrencyServiceApplication  : The following 1 profile is active: "dev"
2025-04-28T10:29:03.765+05:30  INFO 15660 --- [currency-service] [restartedMain] [                                                 ] o.s.c.c.c.ConfigServerConfigDataLoader   : Fetching config from server at : http://localhost:8888
2025-04-28T10:29:03.765+05:30  INFO 15660 --- [currency-service] [restartedMain] [                                                 ] o.s.c.c.c.ConfigServerConfigDataLoader   : Located environment: name=currency-service, profiles=[default], label=null, version=ce6838534f35ca0d1b94b1a041da84d2cb996612, state=
2025-04-28T10:29:03.766+05:30  INFO 15660 --- [currency-service] [restartedMain] [                                                 ] o.s.c.c.c.ConfigServerConfigDataLoader   : Fetching config from server at : http://localhost:8888
2025-04-28T10:29:03.766+05:30  INFO 15660 --- [currency-service] [restartedMain] [                                                 ] o.s.c.c.c.ConfigServerConfigDataLoader   : Located environment: name=currency-service, profiles=[dev], label=null, version=ce6838534f35ca0d1b94b1a041da84d2cb996612, state=
2025-04-28T10:29:03.770+05:30  INFO 15660 --- [currency-service] [restartedMain] [                                                 ] .e.DevToolsPropertyDefaultsPostProcessor : Devtools property defaults active! Set 'spring.devtools.add-properties' to 'false' to disable
2025-04-28T10:29:03.770+05:30  INFO 15660 --- [currency-service] [restartedMain] [                                                 ] .e.DevToolsPropertyDefaultsPostProcessor : For additional web related logging consider setting the 'logging.level.web' property to 'DEBUG'
2025-04-28T10:29:05.750+05:30  INFO 15660 --- [currency-service] [restartedMain] [                                                 ] .s.d.r.c.RepositoryConfigurationDelegate : Bootstrapping Spring Data JPA repositories in DEFAULT mode.
2025-04-28T10:29:05.982+05:30  INFO 15660 --- [currency-service] [restartedMain] [                                                 ] .s.d.r.c.RepositoryConfigurationDelegate : Finished Spring Data repository scanning in 217 ms. Found 1 JPA repository interface.
2025-04-28T10:29:06.578+05:30  INFO 15660 --- [currency-service] [restartedMain] [                                                 ] o.s.cloud.context.scope.GenericScope     : BeanFactory id=4603d0f6-5669-3805-859f-1fd26732264a
2025-04-28T10:29:07.934+05:30  INFO 15660 --- [currency-service] [restartedMain] [                                                 ] o.s.b.w.embedded.tomcat.TomcatWebServer  : Tomcat initialized with port 8085 (http)
2025-04-28T10:29:07.954+05:30  INFO 15660 --- [currency-service] [restartedMain] [                                                 ] o.apache.catalina.core.StandardService   : Starting service [Tomcat]
2025-04-28T10:29:07.955+05:30  INFO 15660 --- [currency-service] [restartedMain] [                                                 ] o.apache.catalina.core.StandardEngine    : Starting Servlet engine: [Apache Tomcat/10.1.39]
2025-04-28T10:29:08.067+05:30  INFO 15660 --- [currency-service] [restartedMain] [                                                 ] o.a.c.c.C.[Tomcat].[localhost].[/]       : Initializing Spring embedded WebApplicationContext
2025-04-28T10:29:08.068+05:30  INFO 15660 --- [currency-service] [restartedMain] [                                                 ] w.s.c.ServletWebServerApplicationContext : Root WebApplicationContext: initialization completed in 4296 ms
2025-04-28T10:29:09.372+05:30  INFO 15660 --- [currency-service] [restartedMain] [                                                 ] o.hibernate.jpa.internal.util.LogHelper  : HHH000204: Processing PersistenceUnitInfo [name: default]
2025-04-28T10:29:09.461+05:30  INFO 15660 --- [currency-service] [restartedMain] [                                                 ] org.hibernate.Version                    : HHH000412: Hibernate ORM core version 6.6.11.Final
2025-04-28T10:29:09.525+05:30  INFO 15660 --- [currency-service] [restartedMain] [                                                 ] o.h.c.internal.RegionFactoryInitiator    : HHH000026: Second-level cache disabled
2025-04-28T10:29:09.935+05:30  INFO 15660 --- [currency-service] [restartedMain] [                                                 ] o.s.o.j.p.SpringPersistenceUnitInfo      : No LoadTimeWeaver setup: ignoring JPA class transformer
2025-04-28T10:29:09.989+05:30  INFO 15660 --- [currency-service] [restartedMain] [                                                 ] com.zaxxer.hikari.HikariDataSource       : HikariPool-1 - Starting...
2025-04-28T10:29:10.285+05:30  INFO 15660 --- [currency-service] [restartedMain] [                                                 ] com.zaxxer.hikari.pool.HikariPool        : HikariPool-1 - Added connection conn0: url=jdbc:h2:mem:testdb user=SA
2025-04-28T10:29:10.289+05:30  INFO 15660 --- [currency-service] [restartedMain] [                                                 ] com.zaxxer.hikari.HikariDataSource       : HikariPool-1 - Start completed.
2025-04-28T10:29:10.330+05:30  WARN 15660 --- [currency-service] [restartedMain] [                                                 ] org.hibernate.orm.deprecation            : HHH90000025: H2Dialect does not need to be specified explicitly using 'hibernate.dialect' (remove the property setting and it will be selected by default)
2025-04-28T10:29:10.366+05:30  INFO 15660 --- [currency-service] [restartedMain] [                                                 ] org.hibernate.orm.connections.pooling    : HHH10001005: Database info:
	Database JDBC URL [Connecting through datasource 'HikariDataSource (HikariPool-1)']
	Database driver: undefined/unknown
	Database version: 2.3.232
	Autocommit mode: undefined/unknown
	Isolation level: undefined/unknown
	Minimum pool size: undefined/unknown
	Maximum pool size: undefined/unknown
2025-04-28T10:29:11.649+05:30  INFO 15660 --- [currency-service] [restartedMain] [                                                 ] o.h.e.t.j.p.i.JtaPlatformInitiator       : HHH000489: No JTA platform available (set 'hibernate.transaction.jta.platform' to enable JTA platform integration)
2025-04-28T10:29:11.714+05:30  INFO 15660 --- [currency-service] [restartedMain] [                                                 ] j.LocalContainerEntityManagerFactoryBean : Initialized JPA EntityManagerFactory for persistence unit 'default'
2025-04-28T10:29:12.418+05:30  WARN 15660 --- [currency-service] [restartedMain] [                                                 ] JpaBaseConfiguration$JpaWebConfiguration : spring.jpa.open-in-view is enabled by default. Therefore, database queries may be performed during view rendering. Explicitly configure spring.jpa.open-in-view to disable this warning
2025-04-28T10:29:12.604+05:30  WARN 15660 --- [currency-service] [restartedMain] [                                                 ] o.s.b.d.a.OptionalLiveReloadServer       : Unable to start LiveReload server
2025-04-28T10:29:12.710+05:30  INFO 15660 --- [currency-service] [restartedMain] [                                                 ] o.s.c.openfeign.FeignClientFactoryBean   : For 'currency-exchange' URL not provided. Will try picking an instance via load-balancing.
2025-04-28T10:29:15.151+05:30  INFO 15660 --- [currency-service] [restartedMain] [                                                 ] o.s.b.a.h2.H2ConsoleAutoConfiguration    : H2 console available at '/h2-console'. Database available at 'jdbc:h2:mem:testdb'
2025-04-28T10:29:15.381+05:30  INFO 15660 --- [currency-service] [restartedMain] [                                                 ] DiscoveryClientOptionalArgsConfiguration : Eureka HTTP Client uses RestTemplate.
2025-04-28T10:29:15.491+05:30  WARN 15660 --- [currency-service] [restartedMain] [                                                 ] iguration$LoadBalancerCaffeineWarnLogger : Spring Cloud LoadBalancer is currently working with the default cache. While this cache implementation is useful for development and tests, it's recommended to use Caffeine cache in production.You can switch to using Caffeine cache, by adding it and org.springframework.cache.caffeine.CaffeineCacheManager to the classpath.
2025-04-28T10:29:15.549+05:30  INFO 15660 --- [currency-service] [restartedMain] [                                                 ] o.s.b.a.e.web.EndpointLinksResolver      : Exposing 28 endpoints beneath base path '/actuator'
2025-04-28T10:29:15.676+05:30  INFO 15660 --- [currency-service] [restartedMain] [                                                 ] o.s.c.n.eureka.InstanceInfoFactory       : Setting initial instance status as: STARTING
2025-04-28T10:29:15.706+05:30  INFO 15660 --- [currency-service] [restartedMain] [                                                 ] com.netflix.discovery.DiscoveryClient    : Initializing Eureka in region us-east-1
2025-04-28T10:29:15.711+05:30  INFO 15660 --- [currency-service] [restartedMain] [                                                 ] c.n.d.s.r.aws.ConfigClusterResolver      : Resolving eureka endpoints via configuration
2025-04-28T10:29:15.722+05:30  INFO 15660 --- [currency-service] [restartedMain] [                                                 ] com.netflix.discovery.DiscoveryClient    : Disable delta property : false
2025-04-28T10:29:15.722+05:30  INFO 15660 --- [currency-service] [restartedMain] [                                                 ] com.netflix.discovery.DiscoveryClient    : Single vip registry refresh property : null
2025-04-28T10:29:15.722+05:30  INFO 15660 --- [currency-service] [restartedMain] [                                                 ] com.netflix.discovery.DiscoveryClient    : Force full registry fetch : false
2025-04-28T10:29:15.722+05:30  INFO 15660 --- [currency-service] [restartedMain] [                                                 ] com.netflix.discovery.DiscoveryClient    : Application is null : false
2025-04-28T10:29:15.723+05:30  INFO 15660 --- [currency-service] [restartedMain] [                                                 ] com.netflix.discovery.DiscoveryClient    : Registered Applications size is zero : true
2025-04-28T10:29:15.723+05:30  INFO 15660 --- [currency-service] [restartedMain] [                                                 ] com.netflix.discovery.DiscoveryClient    : Application version is -1: true
2025-04-28T10:29:15.723+05:30  INFO 15660 --- [currency-service] [restartedMain] [                                                 ] com.netflix.discovery.DiscoveryClient    : Getting all instance registry info from the eureka server
2025-04-28T10:29:15.928+05:30  INFO 15660 --- [currency-service] [restartedMain] [                                                 ] com.netflix.discovery.DiscoveryClient    : The response status is 200
2025-04-28T10:29:15.930+05:30  INFO 15660 --- [currency-service] [restartedMain] [                                                 ] com.netflix.discovery.DiscoveryClient    : Starting heartbeat executor: renew interval is: 30
2025-04-28T10:29:15.933+05:30  INFO 15660 --- [currency-service] [restartedMain] [                                                 ] c.n.discovery.InstanceInfoReplicator     : InstanceInfoReplicator onDemand update allowed rate per min is 4
2025-04-28T10:29:15.935+05:30  INFO 15660 --- [currency-service] [restartedMain] [                                                 ] com.netflix.discovery.DiscoveryClient    : Discovery Client initialized at timestamp 1745816355935 with initial instances count: 1
2025-04-28T10:29:15.957+05:30  INFO 15660 --- [currency-service] [restartedMain] [                                                 ] o.s.c.n.e.s.EurekaServiceRegistry        : Registering application CURRENCY-SERVICE with eureka with status UP
2025-04-28T10:29:15.958+05:30  INFO 15660 --- [currency-service] [restartedMain] [                                                 ] com.netflix.discovery.DiscoveryClient    : Saw local status change event StatusChangeEvent [timestamp=1745816355958, current=UP, previous=STARTING]
2025-04-28T10:29:15.961+05:30  INFO 15660 --- [currency-service] [DiscoveryClient-InstanceInfoReplicator-%d] [                                                 ] com.netflix.discovery.DiscoveryClient    : DiscoveryClient_CURRENCY-SERVICE/Gopichand:currency-service:8085: registering service...
2025-04-28T10:29:15.993+05:30  INFO 15660 --- [currency-service] [restartedMain] [                                                 ] o.s.b.w.embedded.tomcat.TomcatWebServer  : Tomcat started on port 8085 (http) with context path '/'
2025-04-28T10:29:15.994+05:30  INFO 15660 --- [currency-service] [restartedMain] [                                                 ] .s.c.n.e.s.EurekaAutoServiceRegistration : Updating port to 8085
2025-04-28T10:29:16.021+05:30  INFO 15660 --- [currency-service] [DiscoveryClient-InstanceInfoReplicator-%d] [                                                 ] com.netflix.discovery.DiscoveryClient    : DiscoveryClient_CURRENCY-SERVICE/Gopichand:currency-service:8085 - registration status: 204
2025-04-28T10:29:16.021+05:30  INFO 15660 --- [currency-service] [restartedMain] [                                                 ] c.l.currency.CurrencyServiceApplication  : Started CurrencyServiceApplication in 20.237 seconds (process running for 21.721)
2025-04-28T10:29:16.435+05:30  INFO 15660 --- [currency-service] [registrationTask1] [                                                 ] d.c.b.a.c.r.ApplicationRegistrator       : Application registered itself as 755fc9018fe1
2025-04-28T10:29:16.490+05:30  INFO 15660 --- [currency-service] [RMI TCP Connection(8)-127.0.0.1] [                                                 ] o.a.c.c.C.[Tomcat].[localhost].[/]       : Initializing Spring DispatcherServlet 'dispatcherServlet'
2025-04-28T10:29:16.490+05:30  INFO 15660 --- [currency-service] [RMI TCP Connection(8)-127.0.0.1] [                                                 ] o.s.web.servlet.DispatcherServlet        : Initializing Servlet 'dispatcherServlet'
2025-04-28T10:29:16.495+05:30  INFO 15660 --- [currency-service] [RMI TCP Connection(8)-127.0.0.1] [                                                 ] o.s.web.servlet.DispatcherServlet        : Completed initialization in 4 ms
2025-04-28T10:29:36.657+05:30  INFO 15660 --- [currency-service] [http-nio-8085-exec-4] [680f0b388a790513c4e359cb54c74826-e5e6efcc4e490674] c.l.c.contoller.CurrencyController       : This is Info logCurrencyRequest(fromCurrency=USD, toCurrency=INR, quantity=10)
2025-04-28T10:29:38.052+05:30  INFO 15660 --- [currency-service] [http-nio-8085-exec-4] [680f0b388a790513c4e359cb54c74826-e5e6efcc4e490674] c.l.c.contoller.CurrencyController       : The transaction completed 
2025-04-28T10:29:38.057+05:30  WARN 15660 --- [currency-service] [http-nio-8085-exec-4] [680f0b388a790513c4e359cb54c74826-e5e6efcc4e490674] c.l.c.contoller.CurrencyController       : The stored information areCurrencyDetails(id=1, fromCurrency=USD, toCurrency=INR, quantity=10, currencyRate=0.0, totalAmount=0.0)
2025-04-28T10:30:19.090+05:30  INFO 15660 --- [currency-service] [http-nio-8085-exec-9] [680f0b63f5a7d41967f311de9ee1ab47-4c387e5342a813f6] c.l.c.contoller.CurrencyController       : This is Info logCurrencyRequest(fromCurrency=USD, toCurrency=INR, quantity=10)
2025-04-28T10:30:19.092+05:30  WARN 15660 --- [currency-service] [http-nio-8085-exec-9] [680f0b63f5a7d41967f311de9ee1ab47-4c387e5342a813f6] o.s.c.l.core.RoundRobinLoadBalancer      : No servers available for service: currency-exchange
2025-04-28T10:30:19.093+05:30  WARN 15660 --- [currency-service] [http-nio-8085-exec-9] [680f0b63f5a7d41967f311de9ee1ab47-4c387e5342a813f6] .s.c.o.l.FeignBlockingLoadBalancerClient : Load balancer does not contain an instance for the service currency-exchange
2025-04-28T10:30:19.107+05:30 ERROR 15660 --- [currency-service] [http-nio-8085-exec-9] [                                                 ] o.a.c.c.C.[.[.[/].[dispatcherServlet]    : Servlet.service() for servlet [dispatcherServlet] in context with path [] threw exception [Request processing failed: java.lang.RuntimeException: Server is slow,Please try after some time] with root cause

java.lang.RuntimeException: Server is slow,Please try after some time
	at com.lokesh.currency.service.CurrencyService.getFallBackDetails(CurrencyService.java:47) ~[classes/:na]
	at java.base/jdk.internal.reflect.DirectMethodHandleAccessor.invoke(DirectMethodHandleAccessor.java:103) ~[na:na]
	at java.base/java.lang.reflect.Method.invoke(Method.java:580) ~[na:na]
	at org.springframework.aop.support.AopUtils.invokeJoinpointUsingReflection(AopUtils.java:359) ~[spring-aop-6.2.5.jar:6.2.5]
	at org.springframework.aop.framework.ReflectiveMethodInvocation.invokeJoinpoint(ReflectiveMethodInvocation.java:196) ~[spring-aop-6.2.5.jar:6.2.5]
	at org.springframework.aop.framework.ReflectiveMethodInvocation.proceed(ReflectiveMethodInvocation.java:163) ~[spring-aop-6.2.5.jar:6.2.5]
	at org.springframework.aop.interceptor.ExposeInvocationInterceptor.invoke(ExposeInvocationInterceptor.java:97) ~[spring-aop-6.2.5.jar:6.2.5]
	at org.springframework.aop.framework.ReflectiveMethodInvocation.proceed(ReflectiveMethodInvocation.java:184) ~[spring-aop-6.2.5.jar:6.2.5]
	at org.springframework.aop.framework.CglibAopProxy$DynamicAdvisedInterceptor.intercept(CglibAopProxy.java:727) ~[spring-aop-6.2.5.jar:6.2.5]
	at com.lokesh.currency.service.CurrencyService$$SpringCGLIB$$0.getFallBackDetails(<generated>) ~[classes/:na]
	at java.base/jdk.internal.reflect.DirectMethodHandleAccessor.invoke(DirectMethodHandleAccessor.java:103) ~[na:na]
	at java.base/java.lang.reflect.Method.invoke(Method.java:580) ~[na:na]
	at io.github.resilience4j.spring6.fallback.FallbackMethod.invoke(FallbackMethod.java:218) ~[resilience4j-spring6-2.2.0.jar:2.2.0]
	at io.github.resilience4j.spring6.fallback.FallbackMethod.fallback(FallbackMethod.java:165) ~[resilience4j-spring6-2.2.0.jar:2.2.0]
	at io.github.resilience4j.spring6.fallback.DefaultFallbackDecorator.lambda$decorate$0(DefaultFallbackDecorator.java:40) ~[resilience4j-spring6-2.2.0.jar:2.2.0]
	at io.github.resilience4j.spring6.fallback.FallbackExecutor.execute(FallbackExecutor.java:39) ~[resilience4j-spring6-2.2.0.jar:2.2.0]
	at io.github.resilience4j.spring6.circuitbreaker.configure.CircuitBreakerAspect.circuitBreakerAroundAdvice(CircuitBreakerAspect.java:109) ~[resilience4j-spring6-2.2.0.jar:2.2.0]
	at java.base/jdk.internal.reflect.DirectMethodHandleAccessor.invoke(DirectMethodHandleAccessor.java:103) ~[na:na]
	at java.base/java.lang.reflect.Method.invoke(Method.java:580) ~[na:na]
	at org.springframework.aop.aspectj.AbstractAspectJAdvice.invokeAdviceMethodWithGivenArgs(AbstractAspectJAdvice.java:642) ~[spring-aop-6.2.5.jar:6.2.5]
	at org.springframework.aop.aspectj.AbstractAspectJAdvice.invokeAdviceMethod(AbstractAspectJAdvice.java:632) ~[spring-aop-6.2.5.jar:6.2.5]
	at org.springframework.aop.aspectj.AspectJAroundAdvice.invoke(AspectJAroundAdvice.java:71) ~[spring-aop-6.2.5.jar:6.2.5]
	at org.springframework.aop.framework.ReflectiveMethodInvocation.proceed(ReflectiveMethodInvocation.java:173) ~[spring-aop-6.2.5.jar:6.2.5]
	at org.springframework.aop.interceptor.ExposeInvocationInterceptor.invoke(ExposeInvocationInterceptor.java:97) ~[spring-aop-6.2.5.jar:6.2.5]
	at org.springframework.aop.framework.ReflectiveMethodInvocation.proceed(ReflectiveMethodInvocation.java:184) ~[spring-aop-6.2.5.jar:6.2.5]
	at org.springframework.aop.framework.CglibAopProxy$DynamicAdvisedInterceptor.intercept(CglibAopProxy.java:727) ~[spring-aop-6.2.5.jar:6.2.5]
	at com.lokesh.currency.service.CurrencyService$$SpringCGLIB$$0.currencyConversion(<generated>) ~[classes/:na]
	at com.lokesh.currency.contoller.CurrencyController.currencyConversion(CurrencyController.java:40) ~[classes/:na]
	at java.base/jdk.internal.reflect.DirectMethodHandleAccessor.invoke(DirectMethodHandleAccessor.java:103) ~[na:na]
	at java.base/java.lang.reflect.Method.invoke(Method.java:580) ~[na:na]
	at org.springframework.web.method.support.InvocableHandlerMethod.doInvoke(InvocableHandlerMethod.java:258) ~[spring-web-6.2.5.jar:6.2.5]
	at org.springframework.web.method.support.InvocableHandlerMethod.invokeForRequest(InvocableHandlerMethod.java:191) ~[spring-web-6.2.5.jar:6.2.5]
	at org.springframework.web.servlet.mvc.method.annotation.ServletInvocableHandlerMethod.invokeAndHandle(ServletInvocableHandlerMethod.java:118) ~[spring-webmvc-6.2.5.jar:6.2.5]
	at org.springframework.web.servlet.mvc.method.annotation.RequestMappingHandlerAdapter.invokeHandlerMethod(RequestMappingHandlerAdapter.java:986) ~[spring-webmvc-6.2.5.jar:6.2.5]
	at org.springframework.web.servlet.mvc.method.annotation.RequestMappingHandlerAdapter.handleInternal(RequestMappingHandlerAdapter.java:891) ~[spring-webmvc-6.2.5.jar:6.2.5]
	at org.springframework.web.servlet.mvc.method.AbstractHandlerMethodAdapter.handle(AbstractHandlerMethodAdapter.java:87) ~[spring-webmvc-6.2.5.jar:6.2.5]
	at org.springframework.web.servlet.DispatcherServlet.doDispatch(DispatcherServlet.java:1089) ~[spring-webmvc-6.2.5.jar:6.2.5]
	at org.springframework.web.servlet.DispatcherServlet.doService(DispatcherServlet.java:979) ~[spring-webmvc-6.2.5.jar:6.2.5]
	at org.springframework.web.servlet.FrameworkServlet.processRequest(FrameworkServlet.java:1014) ~[spring-webmvc-6.2.5.jar:6.2.5]
	at org.springframework.web.servlet.FrameworkServlet.doPost(FrameworkServlet.java:914) ~[spring-webmvc-6.2.5.jar:6.2.5]
	at jakarta.servlet.http.HttpServlet.service(HttpServlet.java:590) ~[tomcat-embed-core-10.1.39.jar:6.0]
	at org.springframework.web.servlet.FrameworkServlet.service(FrameworkServlet.java:885) ~[spring-webmvc-6.2.5.jar:6.2.5]
	at jakarta.servlet.http.HttpServlet.service(HttpServlet.java:658) ~[tomcat-embed-core-10.1.39.jar:6.0]
	at org.apache.catalina.core.ApplicationFilterChain.internalDoFilter(ApplicationFilterChain.java:195) ~[tomcat-embed-core-10.1.39.jar:10.1.39]
	at org.apache.catalina.core.ApplicationFilterChain.doFilter(ApplicationFilterChain.java:140) ~[tomcat-embed-core-10.1.39.jar:10.1.39]
	at org.apache.tomcat.websocket.server.WsFilter.doFilter(WsFilter.java:51) ~[tomcat-embed-websocket-10.1.39.jar:10.1.39]
	at org.apache.catalina.core.ApplicationFilterChain.internalDoFilter(ApplicationFilterChain.java:164) ~[tomcat-embed-core-10.1.39.jar:10.1.39]
	at org.apache.catalina.core.ApplicationFilterChain.doFilter(ApplicationFilterChain.java:140) ~[tomcat-embed-core-10.1.39.jar:10.1.39]
	at org.springframework.web.filter.RequestContextFilter.doFilterInternal(RequestContextFilter.java:100) ~[spring-web-6.2.5.jar:6.2.5]
	at org.springframework.web.filter.OncePerRequestFilter.doFilter(OncePerRequestFilter.java:116) ~[spring-web-6.2.5.jar:6.2.5]
	at org.apache.catalina.core.ApplicationFilterChain.internalDoFilter(ApplicationFilterChain.java:164) ~[tomcat-embed-core-10.1.39.jar:10.1.39]
	at org.apache.catalina.core.ApplicationFilterChain.doFilter(ApplicationFilterChain.java:140) ~[tomcat-embed-core-10.1.39.jar:10.1.39]
	at org.springframework.web.filter.FormContentFilter.doFilterInternal(FormContentFilter.java:93) ~[spring-web-6.2.5.jar:6.2.5]
	at org.springframework.web.filter.OncePerRequestFilter.doFilter(OncePerRequestFilter.java:116) ~[spring-web-6.2.5.jar:6.2.5]
	at org.apache.catalina.core.ApplicationFilterChain.internalDoFilter(ApplicationFilterChain.java:164) ~[tomcat-embed-core-10.1.39.jar:10.1.39]
	at org.apache.catalina.core.ApplicationFilterChain.doFilter(ApplicationFilterChain.java:140) ~[tomcat-embed-core-10.1.39.jar:10.1.39]
	at org.springframework.web.filter.ServerHttpObservationFilter.doFilterInternal(ServerHttpObservationFilter.java:114) ~[spring-web-6.2.5.jar:6.2.5]
	at org.springframework.web.filter.OncePerRequestFilter.doFilter(OncePerRequestFilter.java:116) ~[spring-web-6.2.5.jar:6.2.5]
	at org.apache.catalina.core.ApplicationFilterChain.internalDoFilter(ApplicationFilterChain.java:164) ~[tomcat-embed-core-10.1.39.jar:10.1.39]
	at org.apache.catalina.core.ApplicationFilterChain.doFilter(ApplicationFilterChain.java:140) ~[tomcat-embed-core-10.1.39.jar:10.1.39]
	at org.springframework.web.filter.CharacterEncodingFilter.doFilterInternal(CharacterEncodingFilter.java:201) ~[spring-web-6.2.5.jar:6.2.5]
	at org.springframework.web.filter.OncePerRequestFilter.doFilter(OncePerRequestFilter.java:116) ~[spring-web-6.2.5.jar:6.2.5]
	at org.apache.catalina.core.ApplicationFilterChain.internalDoFilter(ApplicationFilterChain.java:164) ~[tomcat-embed-core-10.1.39.jar:10.1.39]
	at org.apache.catalina.core.ApplicationFilterChain.doFilter(ApplicationFilterChain.java:140) ~[tomcat-embed-core-10.1.39.jar:10.1.39]
	at org.apache.catalina.core.StandardWrapperValve.invoke(StandardWrapperValve.java:167) ~[tomcat-embed-core-10.1.39.jar:10.1.39]
	at org.apache.catalina.core.StandardContextValve.invoke(StandardContextValve.java:90) ~[tomcat-embed-core-10.1.39.jar:10.1.39]
	at org.apache.catalina.authenticator.AuthenticatorBase.invoke(AuthenticatorBase.java:483) ~[tomcat-embed-core-10.1.39.jar:10.1.39]
	at org.apache.catalina.core.StandardHostValve.invoke(StandardHostValve.java:115) ~[tomcat-embed-core-10.1.39.jar:10.1.39]
	at org.apache.catalina.valves.ErrorReportValve.invoke(ErrorReportValve.java:93) ~[tomcat-embed-core-10.1.39.jar:10.1.39]
	at org.apache.catalina.core.StandardEngineValve.invoke(StandardEngineValve.java:74) ~[tomcat-embed-core-10.1.39.jar:10.1.39]
	at org.apache.catalina.connector.CoyoteAdapter.service(CoyoteAdapter.java:344) ~[tomcat-embed-core-10.1.39.jar:10.1.39]
	at org.apache.coyote.http11.Http11Processor.service(Http11Processor.java:397) ~[tomcat-embed-core-10.1.39.jar:10.1.39]
	at org.apache.coyote.AbstractProcessorLight.process(AbstractProcessorLight.java:63) ~[tomcat-embed-core-10.1.39.jar:10.1.39]
	at org.apache.coyote.AbstractProtocol$ConnectionHandler.process(AbstractProtocol.java:905) ~[tomcat-embed-core-10.1.39.jar:10.1.39]
	at org.apache.tomcat.util.net.NioEndpoint$SocketProcessor.doRun(NioEndpoint.java:1743) ~[tomcat-embed-core-10.1.39.jar:10.1.39]
	at org.apache.tomcat.util.net.SocketProcessorBase.run(SocketProcessorBase.java:52) ~[tomcat-embed-core-10.1.39.jar:10.1.39]
	at org.apache.tomcat.util.threads.ThreadPoolExecutor.runWorker(ThreadPoolExecutor.java:1190) ~[tomcat-embed-core-10.1.39.jar:10.1.39]
	at org.apache.tomcat.util.threads.ThreadPoolExecutor$Worker.run(ThreadPoolExecutor.java:659) ~[tomcat-embed-core-10.1.39.jar:10.1.39]
	at org.apache.tomcat.util.threads.TaskThread$WrappingRunnable.run(TaskThread.java:63) ~[tomcat-embed-core-10.1.39.jar:10.1.39]
	at java.base/java.lang.Thread.run(Thread.java:1583) ~[na:na]

2025-04-28T10:30:21.008+05:30  INFO 15660 --- [currency-service] [http-nio-8085-exec-10] [680f0b6486c44f26b68a0a33e7b322d3-ffe7077d98f85b67] c.l.c.contoller.CurrencyController       : This is Info logCurrencyRequest(fromCurrency=USD, toCurrency=INR, quantity=10)
2025-04-28T10:30:21.010+05:30  WARN 15660 --- [currency-service] [http-nio-8085-exec-10] [680f0b6486c44f26b68a0a33e7b322d3-ffe7077d98f85b67] o.s.c.l.core.RoundRobinLoadBalancer      : No servers available for service: currency-exchange
2025-04-28T10:30:21.010+05:30  WARN 15660 --- [currency-service] [http-nio-8085-exec-10] [680f0b6486c44f26b68a0a33e7b322d3-ffe7077d98f85b67] .s.c.o.l.FeignBlockingLoadBalancerClient : Load balancer does not contain an instance for the service currency-exchange
2025-04-28T10:30:21.014+05:30 ERROR 15660 --- [currency-service] [http-nio-8085-exec-10] [                                                 ] o.a.c.c.C.[.[.[/].[dispatcherServlet]    : Servlet.service() for servlet [dispatcherServlet] in context with path [] threw exception [Request processing failed: java.lang.RuntimeException: Server is slow,Please try after some time] with root cause

java.lang.RuntimeException: Server is slow,Please try after some time
	at com.lokesh.currency.service.CurrencyService.getFallBackDetails(CurrencyService.java:47) ~[classes/:na]
	at java.base/jdk.internal.reflect.DirectMethodHandleAccessor.invoke(DirectMethodHandleAccessor.java:103) ~[na:na]
	at java.base/java.lang.reflect.Method.invoke(Method.java:580) ~[na:na]
	at org.springframework.aop.support.AopUtils.invokeJoinpointUsingReflection(AopUtils.java:359) ~[spring-aop-6.2.5.jar:6.2.5]
	at org.springframework.aop.framework.ReflectiveMethodInvocation.invokeJoinpoint(ReflectiveMethodInvocation.java:196) ~[spring-aop-6.2.5.jar:6.2.5]
	at org.springframework.aop.framework.ReflectiveMethodInvocation.proceed(ReflectiveMethodInvocation.java:163) ~[spring-aop-6.2.5.jar:6.2.5]
	at org.springframework.aop.interceptor.ExposeInvocationInterceptor.invoke(ExposeInvocationInterceptor.java:97) ~[spring-aop-6.2.5.jar:6.2.5]
	at org.springframework.aop.framework.ReflectiveMethodInvocation.proceed(ReflectiveMethodInvocation.java:184) ~[spring-aop-6.2.5.jar:6.2.5]
	at org.springframework.aop.framework.CglibAopProxy$DynamicAdvisedInterceptor.intercept(CglibAopProxy.java:727) ~[spring-aop-6.2.5.jar:6.2.5]
	at com.lokesh.currency.service.CurrencyService$$SpringCGLIB$$0.getFallBackDetails(<generated>) ~[classes/:na]
	at java.base/jdk.internal.reflect.DirectMethodHandleAccessor.invoke(DirectMethodHandleAccessor.java:103) ~[na:na]
	at java.base/java.lang.reflect.Method.invoke(Method.java:580) ~[na:na]
	at io.github.resilience4j.spring6.fallback.FallbackMethod.invoke(FallbackMethod.java:218) ~[resilience4j-spring6-2.2.0.jar:2.2.0]
	at io.github.resilience4j.spring6.fallback.FallbackMethod.fallback(FallbackMethod.java:165) ~[resilience4j-spring6-2.2.0.jar:2.2.0]
	at io.github.resilience4j.spring6.fallback.DefaultFallbackDecorator.lambda$decorate$0(DefaultFallbackDecorator.java:40) ~[resilience4j-spring6-2.2.0.jar:2.2.0]
	at io.github.resilience4j.spring6.fallback.FallbackExecutor.execute(FallbackExecutor.java:39) ~[resilience4j-spring6-2.2.0.jar:2.2.0]
	at io.github.resilience4j.spring6.circuitbreaker.configure.CircuitBreakerAspect.circuitBreakerAroundAdvice(CircuitBreakerAspect.java:109) ~[resilience4j-spring6-2.2.0.jar:2.2.0]
	at java.base/jdk.internal.reflect.DirectMethodHandleAccessor.invoke(DirectMethodHandleAccessor.java:103) ~[na:na]
	at java.base/java.lang.reflect.Method.invoke(Method.java:580) ~[na:na]
	at org.springframework.aop.aspectj.AbstractAspectJAdvice.invokeAdviceMethodWithGivenArgs(AbstractAspectJAdvice.java:642) ~[spring-aop-6.2.5.jar:6.2.5]
	at org.springframework.aop.aspectj.AbstractAspectJAdvice.invokeAdviceMethod(AbstractAspectJAdvice.java:632) ~[spring-aop-6.2.5.jar:6.2.5]
	at org.springframework.aop.aspectj.AspectJAroundAdvice.invoke(AspectJAroundAdvice.java:71) ~[spring-aop-6.2.5.jar:6.2.5]
	at org.springframework.aop.framework.ReflectiveMethodInvocation.proceed(ReflectiveMethodInvocation.java:173) ~[spring-aop-6.2.5.jar:6.2.5]
	at org.springframework.aop.interceptor.ExposeInvocationInterceptor.invoke(ExposeInvocationInterceptor.java:97) ~[spring-aop-6.2.5.jar:6.2.5]
	at org.springframework.aop.framework.ReflectiveMethodInvocation.proceed(ReflectiveMethodInvocation.java:184) ~[spring-aop-6.2.5.jar:6.2.5]
	at org.springframework.aop.framework.CglibAopProxy$DynamicAdvisedInterceptor.intercept(CglibAopProxy.java:727) ~[spring-aop-6.2.5.jar:6.2.5]
	at com.lokesh.currency.service.CurrencyService$$SpringCGLIB$$0.currencyConversion(<generated>) ~[classes/:na]
	at com.lokesh.currency.contoller.CurrencyController.currencyConversion(CurrencyController.java:40) ~[classes/:na]
	at java.base/jdk.internal.reflect.DirectMethodHandleAccessor.invoke(DirectMethodHandleAccessor.java:103) ~[na:na]
	at java.base/java.lang.reflect.Method.invoke(Method.java:580) ~[na:na]
	at org.springframework.web.method.support.InvocableHandlerMethod.doInvoke(InvocableHandlerMethod.java:258) ~[spring-web-6.2.5.jar:6.2.5]
	at org.springframework.web.method.support.InvocableHandlerMethod.invokeForRequest(InvocableHandlerMethod.java:191) ~[spring-web-6.2.5.jar:6.2.5]
	at org.springframework.web.servlet.mvc.method.annotation.ServletInvocableHandlerMethod.invokeAndHandle(ServletInvocableHandlerMethod.java:118) ~[spring-webmvc-6.2.5.jar:6.2.5]
	at org.springframework.web.servlet.mvc.method.annotation.RequestMappingHandlerAdapter.invokeHandlerMethod(RequestMappingHandlerAdapter.java:986) ~[spring-webmvc-6.2.5.jar:6.2.5]
	at org.springframework.web.servlet.mvc.method.annotation.RequestMappingHandlerAdapter.handleInternal(RequestMappingHandlerAdapter.java:891) ~[spring-webmvc-6.2.5.jar:6.2.5]
	at org.springframework.web.servlet.mvc.method.AbstractHandlerMethodAdapter.handle(AbstractHandlerMethodAdapter.java:87) ~[spring-webmvc-6.2.5.jar:6.2.5]
	at org.springframework.web.servlet.DispatcherServlet.doDispatch(DispatcherServlet.java:1089) ~[spring-webmvc-6.2.5.jar:6.2.5]
	at org.springframework.web.servlet.DispatcherServlet.doService(DispatcherServlet.java:979) ~[spring-webmvc-6.2.5.jar:6.2.5]
	at org.springframework.web.servlet.FrameworkServlet.processRequest(FrameworkServlet.java:1014) ~[spring-webmvc-6.2.5.jar:6.2.5]
	at org.springframework.web.servlet.FrameworkServlet.doPost(FrameworkServlet.java:914) ~[spring-webmvc-6.2.5.jar:6.2.5]
	at jakarta.servlet.http.HttpServlet.service(HttpServlet.java:590) ~[tomcat-embed-core-10.1.39.jar:6.0]
	at org.springframework.web.servlet.FrameworkServlet.service(FrameworkServlet.java:885) ~[spring-webmvc-6.2.5.jar:6.2.5]
	at jakarta.servlet.http.HttpServlet.service(HttpServlet.java:658) ~[tomcat-embed-core-10.1.39.jar:6.0]
	at org.apache.catalina.core.ApplicationFilterChain.internalDoFilter(ApplicationFilterChain.java:195) ~[tomcat-embed-core-10.1.39.jar:10.1.39]
	at org.apache.catalina.core.ApplicationFilterChain.doFilter(ApplicationFilterChain.java:140) ~[tomcat-embed-core-10.1.39.jar:10.1.39]
	at org.apache.tomcat.websocket.server.WsFilter.doFilter(WsFilter.java:51) ~[tomcat-embed-websocket-10.1.39.jar:10.1.39]
	at org.apache.catalina.core.ApplicationFilterChain.internalDoFilter(ApplicationFilterChain.java:164) ~[tomcat-embed-core-10.1.39.jar:10.1.39]
	at org.apache.catalina.core.ApplicationFilterChain.doFilter(ApplicationFilterChain.java:140) ~[tomcat-embed-core-10.1.39.jar:10.1.39]
	at org.springframework.web.filter.RequestContextFilter.doFilterInternal(RequestContextFilter.java:100) ~[spring-web-6.2.5.jar:6.2.5]
	at org.springframework.web.filter.OncePerRequestFilter.doFilter(OncePerRequestFilter.java:116) ~[spring-web-6.2.5.jar:6.2.5]
	at org.apache.catalina.core.ApplicationFilterChain.internalDoFilter(ApplicationFilterChain.java:164) ~[tomcat-embed-core-10.1.39.jar:10.1.39]
	at org.apache.catalina.core.ApplicationFilterChain.doFilter(ApplicationFilterChain.java:140) ~[tomcat-embed-core-10.1.39.jar:10.1.39]
	at org.springframework.web.filter.FormContentFilter.doFilterInternal(FormContentFilter.java:93) ~[spring-web-6.2.5.jar:6.2.5]
	at org.springframework.web.filter.OncePerRequestFilter.doFilter(OncePerRequestFilter.java:116) ~[spring-web-6.2.5.jar:6.2.5]
	at org.apache.catalina.core.ApplicationFilterChain.internalDoFilter(ApplicationFilterChain.java:164) ~[tomcat-embed-core-10.1.39.jar:10.1.39]
	at org.apache.catalina.core.ApplicationFilterChain.doFilter(ApplicationFilterChain.java:140) ~[tomcat-embed-core-10.1.39.jar:10.1.39]
	at org.springframework.web.filter.ServerHttpObservationFilter.doFilterInternal(ServerHttpObservationFilter.java:114) ~[spring-web-6.2.5.jar:6.2.5]
	at org.springframework.web.filter.OncePerRequestFilter.doFilter(OncePerRequestFilter.java:116) ~[spring-web-6.2.5.jar:6.2.5]
	at org.apache.catalina.core.ApplicationFilterChain.internalDoFilter(ApplicationFilterChain.java:164) ~[tomcat-embed-core-10.1.39.jar:10.1.39]
	at org.apache.catalina.core.ApplicationFilterChain.doFilter(ApplicationFilterChain.java:140) ~[tomcat-embed-core-10.1.39.jar:10.1.39]
	at org.springframework.web.filter.CharacterEncodingFilter.doFilterInternal(CharacterEncodingFilter.java:201) ~[spring-web-6.2.5.jar:6.2.5]
	at org.springframework.web.filter.OncePerRequestFilter.doFilter(OncePerRequestFilter.java:116) ~[spring-web-6.2.5.jar:6.2.5]
	at org.apache.catalina.core.ApplicationFilterChain.internalDoFilter(ApplicationFilterChain.java:164) ~[tomcat-embed-core-10.1.39.jar:10.1.39]
	at org.apache.catalina.core.ApplicationFilterChain.doFilter(ApplicationFilterChain.java:140) ~[tomcat-embed-core-10.1.39.jar:10.1.39]
	at org.apache.catalina.core.StandardWrapperValve.invoke(StandardWrapperValve.java:167) ~[tomcat-embed-core-10.1.39.jar:10.1.39]
	at org.apache.catalina.core.StandardContextValve.invoke(StandardContextValve.java:90) ~[tomcat-embed-core-10.1.39.jar:10.1.39]
	at org.apache.catalina.authenticator.AuthenticatorBase.invoke(AuthenticatorBase.java:483) ~[tomcat-embed-core-10.1.39.jar:10.1.39]
	at org.apache.catalina.core.StandardHostValve.invoke(StandardHostValve.java:115) ~[tomcat-embed-core-10.1.39.jar:10.1.39]
	at org.apache.catalina.valves.ErrorReportValve.invoke(ErrorReportValve.java:93) ~[tomcat-embed-core-10.1.39.jar:10.1.39]
	at org.apache.catalina.core.StandardEngineValve.invoke(StandardEngineValve.java:74) ~[tomcat-embed-core-10.1.39.jar:10.1.39]
	at org.apache.catalina.connector.CoyoteAdapter.service(CoyoteAdapter.java:344) ~[tomcat-embed-core-10.1.39.jar:10.1.39]
	at org.apache.coyote.http11.Http11Processor.service(Http11Processor.java:397) ~[tomcat-embed-core-10.1.39.jar:10.1.39]
	at org.apache.coyote.AbstractProcessorLight.process(AbstractProcessorLight.java:63) ~[tomcat-embed-core-10.1.39.jar:10.1.39]
	at org.apache.coyote.AbstractProtocol$ConnectionHandler.process(AbstractProtocol.java:905) ~[tomcat-embed-core-10.1.39.jar:10.1.39]
	at org.apache.tomcat.util.net.NioEndpoint$SocketProcessor.doRun(NioEndpoint.java:1743) ~[tomcat-embed-core-10.1.39.jar:10.1.39]
	at org.apache.tomcat.util.net.SocketProcessorBase.run(SocketProcessorBase.java:52) ~[tomcat-embed-core-10.1.39.jar:10.1.39]
	at org.apache.tomcat.util.threads.ThreadPoolExecutor.runWorker(ThreadPoolExecutor.java:1190) ~[tomcat-embed-core-10.1.39.jar:10.1.39]
	at org.apache.tomcat.util.threads.ThreadPoolExecutor$Worker.run(ThreadPoolExecutor.java:659) ~[tomcat-embed-core-10.1.39.jar:10.1.39]
	at org.apache.tomcat.util.threads.TaskThread$WrappingRunnable.run(TaskThread.java:63) ~[tomcat-embed-core-10.1.39.jar:10.1.39]
	at java.base/java.lang.Thread.run(Thread.java:1583) ~[na:na]

2025-04-28T10:30:23.327+05:30  INFO 15660 --- [currency-service] [http-nio-8085-exec-6] [680f0b6736fcbc0ad3004c21bb850f92-39169425a5ea4447] c.l.c.contoller.CurrencyController       : This is Info logCurrencyRequest(fromCurrency=USD, toCurrency=INR, quantity=10)
2025-04-28T10:30:23.329+05:30  WARN 15660 --- [currency-service] [http-nio-8085-exec-6] [680f0b6736fcbc0ad3004c21bb850f92-39169425a5ea4447] o.s.c.l.core.RoundRobinLoadBalancer      : No servers available for service: currency-exchange
2025-04-28T10:30:23.330+05:30  WARN 15660 --- [currency-service] [http-nio-8085-exec-6] [680f0b6736fcbc0ad3004c21bb850f92-39169425a5ea4447] .s.c.o.l.FeignBlockingLoadBalancerClient : Load balancer does not contain an instance for the service currency-exchange
2025-04-28T10:30:23.333+05:30 ERROR 15660 --- [currency-service] [http-nio-8085-exec-6] [                                                 ] o.a.c.c.C.[.[.[/].[dispatcherServlet]    : Servlet.service() for servlet [dispatcherServlet] in context with path [] threw exception [Request processing failed: java.lang.RuntimeException: Server is slow,Please try after some time] with root cause

java.lang.RuntimeException: Server is slow,Please try after some time
	at com.lokesh.currency.service.CurrencyService.getFallBackDetails(CurrencyService.java:47) ~[classes/:na]
	at java.base/jdk.internal.reflect.DirectMethodHandleAccessor.invoke(DirectMethodHandleAccessor.java:103) ~[na:na]
	at java.base/java.lang.reflect.Method.invoke(Method.java:580) ~[na:na]
	at org.springframework.aop.support.AopUtils.invokeJoinpointUsingReflection(AopUtils.java:359) ~[spring-aop-6.2.5.jar:6.2.5]
	at org.springframework.aop.framework.ReflectiveMethodInvocation.invokeJoinpoint(ReflectiveMethodInvocation.java:196) ~[spring-aop-6.2.5.jar:6.2.5]
	at org.springframework.aop.framework.ReflectiveMethodInvocation.proceed(ReflectiveMethodInvocation.java:163) ~[spring-aop-6.2.5.jar:6.2.5]
	at org.springframework.aop.interceptor.ExposeInvocationInterceptor.invoke(ExposeInvocationInterceptor.java:97) ~[spring-aop-6.2.5.jar:6.2.5]
	at org.springframework.aop.framework.ReflectiveMethodInvocation.proceed(ReflectiveMethodInvocation.java:184) ~[spring-aop-6.2.5.jar:6.2.5]
	at org.springframework.aop.framework.CglibAopProxy$DynamicAdvisedInterceptor.intercept(CglibAopProxy.java:727) ~[spring-aop-6.2.5.jar:6.2.5]
	at com.lokesh.currency.service.CurrencyService$$SpringCGLIB$$0.getFallBackDetails(<generated>) ~[classes/:na]
	at java.base/jdk.internal.reflect.DirectMethodHandleAccessor.invoke(DirectMethodHandleAccessor.java:103) ~[na:na]
	at java.base/java.lang.reflect.Method.invoke(Method.java:580) ~[na:na]
	at io.github.resilience4j.spring6.fallback.FallbackMethod.invoke(FallbackMethod.java:218) ~[resilience4j-spring6-2.2.0.jar:2.2.0]
	at io.github.resilience4j.spring6.fallback.FallbackMethod.fallback(FallbackMethod.java:165) ~[resilience4j-spring6-2.2.0.jar:2.2.0]
	at io.github.resilience4j.spring6.fallback.DefaultFallbackDecorator.lambda$decorate$0(DefaultFallbackDecorator.java:40) ~[resilience4j-spring6-2.2.0.jar:2.2.0]
	at io.github.resilience4j.spring6.fallback.FallbackExecutor.execute(FallbackExecutor.java:39) ~[resilience4j-spring6-2.2.0.jar:2.2.0]
	at io.github.resilience4j.spring6.circuitbreaker.configure.CircuitBreakerAspect.circuitBreakerAroundAdvice(CircuitBreakerAspect.java:109) ~[resilience4j-spring6-2.2.0.jar:2.2.0]
	at java.base/jdk.internal.reflect.DirectMethodHandleAccessor.invoke(DirectMethodHandleAccessor.java:103) ~[na:na]
	at java.base/java.lang.reflect.Method.invoke(Method.java:580) ~[na:na]
	at org.springframework.aop.aspectj.AbstractAspectJAdvice.invokeAdviceMethodWithGivenArgs(AbstractAspectJAdvice.java:642) ~[spring-aop-6.2.5.jar:6.2.5]
	at org.springframework.aop.aspectj.AbstractAspectJAdvice.invokeAdviceMethod(AbstractAspectJAdvice.java:632) ~[spring-aop-6.2.5.jar:6.2.5]
	at org.springframework.aop.aspectj.AspectJAroundAdvice.invoke(AspectJAroundAdvice.java:71) ~[spring-aop-6.2.5.jar:6.2.5]
	at org.springframework.aop.framework.ReflectiveMethodInvocation.proceed(ReflectiveMethodInvocation.java:173) ~[spring-aop-6.2.5.jar:6.2.5]
	at org.springframework.aop.interceptor.ExposeInvocationInterceptor.invoke(ExposeInvocationInterceptor.java:97) ~[spring-aop-6.2.5.jar:6.2.5]
	at org.springframework.aop.framework.ReflectiveMethodInvocation.proceed(ReflectiveMethodInvocation.java:184) ~[spring-aop-6.2.5.jar:6.2.5]
	at org.springframework.aop.framework.CglibAopProxy$DynamicAdvisedInterceptor.intercept(CglibAopProxy.java:727) ~[spring-aop-6.2.5.jar:6.2.5]
	at com.lokesh.currency.service.CurrencyService$$SpringCGLIB$$0.currencyConversion(<generated>) ~[classes/:na]
	at com.lokesh.currency.contoller.CurrencyController.currencyConversion(CurrencyController.java:40) ~[classes/:na]
	at java.base/jdk.internal.reflect.DirectMethodHandleAccessor.invoke(DirectMethodHandleAccessor.java:103) ~[na:na]
	at java.base/java.lang.reflect.Method.invoke(Method.java:580) ~[na:na]
	at org.springframework.web.method.support.InvocableHandlerMethod.doInvoke(InvocableHandlerMethod.java:258) ~[spring-web-6.2.5.jar:6.2.5]
	at org.springframework.web.method.support.InvocableHandlerMethod.invokeForRequest(InvocableHandlerMethod.java:191) ~[spring-web-6.2.5.jar:6.2.5]
	at org.springframework.web.servlet.mvc.method.annotation.ServletInvocableHandlerMethod.invokeAndHandle(ServletInvocableHandlerMethod.java:118) ~[spring-webmvc-6.2.5.jar:6.2.5]
	at org.springframework.web.servlet.mvc.method.annotation.RequestMappingHandlerAdapter.invokeHandlerMethod(RequestMappingHandlerAdapter.java:986) ~[spring-webmvc-6.2.5.jar:6.2.5]
	at org.springframework.web.servlet.mvc.method.annotation.RequestMappingHandlerAdapter.handleInternal(RequestMappingHandlerAdapter.java:891) ~[spring-webmvc-6.2.5.jar:6.2.5]
	at org.springframework.web.servlet.mvc.method.AbstractHandlerMethodAdapter.handle(AbstractHandlerMethodAdapter.java:87) ~[spring-webmvc-6.2.5.jar:6.2.5]
	at org.springframework.web.servlet.DispatcherServlet.doDispatch(DispatcherServlet.java:1089) ~[spring-webmvc-6.2.5.jar:6.2.5]
	at org.springframework.web.servlet.DispatcherServlet.doService(DispatcherServlet.java:979) ~[spring-webmvc-6.2.5.jar:6.2.5]
	at org.springframework.web.servlet.FrameworkServlet.processRequest(FrameworkServlet.java:1014) ~[spring-webmvc-6.2.5.jar:6.2.5]
	at org.springframework.web.servlet.FrameworkServlet.doPost(FrameworkServlet.java:914) ~[spring-webmvc-6.2.5.jar:6.2.5]
	at jakarta.servlet.http.HttpServlet.service(HttpServlet.java:590) ~[tomcat-embed-core-10.1.39.jar:6.0]
	at org.springframework.web.servlet.FrameworkServlet.service(FrameworkServlet.java:885) ~[spring-webmvc-6.2.5.jar:6.2.5]
	at jakarta.servlet.http.HttpServlet.service(HttpServlet.java:658) ~[tomcat-embed-core-10.1.39.jar:6.0]
	at org.apache.catalina.core.ApplicationFilterChain.internalDoFilter(ApplicationFilterChain.java:195) ~[tomcat-embed-core-10.1.39.jar:10.1.39]
	at org.apache.catalina.core.ApplicationFilterChain.doFilter(ApplicationFilterChain.java:140) ~[tomcat-embed-core-10.1.39.jar:10.1.39]
	at org.apache.tomcat.websocket.server.WsFilter.doFilter(WsFilter.java:51) ~[tomcat-embed-websocket-10.1.39.jar:10.1.39]
	at org.apache.catalina.core.ApplicationFilterChain.internalDoFilter(ApplicationFilterChain.java:164) ~[tomcat-embed-core-10.1.39.jar:10.1.39]
	at org.apache.catalina.core.ApplicationFilterChain.doFilter(ApplicationFilterChain.java:140) ~[tomcat-embed-core-10.1.39.jar:10.1.39]
	at org.springframework.web.filter.RequestContextFilter.doFilterInternal(RequestContextFilter.java:100) ~[spring-web-6.2.5.jar:6.2.5]
	at org.springframework.web.filter.OncePerRequestFilter.doFilter(OncePerRequestFilter.java:116) ~[spring-web-6.2.5.jar:6.2.5]
	at org.apache.catalina.core.ApplicationFilterChain.internalDoFilter(ApplicationFilterChain.java:164) ~[tomcat-embed-core-10.1.39.jar:10.1.39]
	at org.apache.catalina.core.ApplicationFilterChain.doFilter(ApplicationFilterChain.java:140) ~[tomcat-embed-core-10.1.39.jar:10.1.39]
	at org.springframework.web.filter.FormContentFilter.doFilterInternal(FormContentFilter.java:93) ~[spring-web-6.2.5.jar:6.2.5]
	at org.springframework.web.filter.OncePerRequestFilter.doFilter(OncePerRequestFilter.java:116) ~[spring-web-6.2.5.jar:6.2.5]
	at org.apache.catalina.core.ApplicationFilterChain.internalDoFilter(ApplicationFilterChain.java:164) ~[tomcat-embed-core-10.1.39.jar:10.1.39]
	at org.apache.catalina.core.ApplicationFilterChain.doFilter(ApplicationFilterChain.java:140) ~[tomcat-embed-core-10.1.39.jar:10.1.39]
	at org.springframework.web.filter.ServerHttpObservationFilter.doFilterInternal(ServerHttpObservationFilter.java:114) ~[spring-web-6.2.5.jar:6.2.5]
	at org.springframework.web.filter.OncePerRequestFilter.doFilter(OncePerRequestFilter.java:116) ~[spring-web-6.2.5.jar:6.2.5]
	at org.apache.catalina.core.ApplicationFilterChain.internalDoFilter(ApplicationFilterChain.java:164) ~[tomcat-embed-core-10.1.39.jar:10.1.39]
	at org.apache.catalina.core.ApplicationFilterChain.doFilter(ApplicationFilterChain.java:140) ~[tomcat-embed-core-10.1.39.jar:10.1.39]
	at org.springframework.web.filter.CharacterEncodingFilter.doFilterInternal(CharacterEncodingFilter.java:201) ~[spring-web-6.2.5.jar:6.2.5]
	at org.springframework.web.filter.OncePerRequestFilter.doFilter(OncePerRequestFilter.java:116) ~[spring-web-6.2.5.jar:6.2.5]
	at org.apache.catalina.core.ApplicationFilterChain.internalDoFilter(ApplicationFilterChain.java:164) ~[tomcat-embed-core-10.1.39.jar:10.1.39]
	at org.apache.catalina.core.ApplicationFilterChain.doFilter(ApplicationFilterChain.java:140) ~[tomcat-embed-core-10.1.39.jar:10.1.39]
	at org.apache.catalina.core.StandardWrapperValve.invoke(StandardWrapperValve.java:167) ~[tomcat-embed-core-10.1.39.jar:10.1.39]
	at org.apache.catalina.core.StandardContextValve.invoke(StandardContextValve.java:90) ~[tomcat-embed-core-10.1.39.jar:10.1.39]
	at org.apache.catalina.authenticator.AuthenticatorBase.invoke(AuthenticatorBase.java:483) ~[tomcat-embed-core-10.1.39.jar:10.1.39]
	at org.apache.catalina.core.StandardHostValve.invoke(StandardHostValve.java:115) ~[tomcat-embed-core-10.1.39.jar:10.1.39]
	at org.apache.catalina.valves.ErrorReportValve.invoke(ErrorReportValve.java:93) ~[tomcat-embed-core-10.1.39.jar:10.1.39]
	at org.apache.catalina.core.StandardEngineValve.invoke(StandardEngineValve.java:74) ~[tomcat-embed-core-10.1.39.jar:10.1.39]
	at org.apache.catalina.connector.CoyoteAdapter.service(CoyoteAdapter.java:344) ~[tomcat-embed-core-10.1.39.jar:10.1.39]
	at org.apache.coyote.http11.Http11Processor.service(Http11Processor.java:397) ~[tomcat-embed-core-10.1.39.jar:10.1.39]
	at org.apache.coyote.AbstractProcessorLight.process(AbstractProcessorLight.java:63) ~[tomcat-embed-core-10.1.39.jar:10.1.39]
	at org.apache.coyote.AbstractProtocol$ConnectionHandler.process(AbstractProtocol.java:905) ~[tomcat-embed-core-10.1.39.jar:10.1.39]
	at org.apache.tomcat.util.net.NioEndpoint$SocketProcessor.doRun(NioEndpoint.java:1743) ~[tomcat-embed-core-10.1.39.jar:10.1.39]
	at org.apache.tomcat.util.net.SocketProcessorBase.run(SocketProcessorBase.java:52) ~[tomcat-embed-core-10.1.39.jar:10.1.39]
	at org.apache.tomcat.util.threads.ThreadPoolExecutor.runWorker(ThreadPoolExecutor.java:1190) ~[tomcat-embed-core-10.1.39.jar:10.1.39]
	at org.apache.tomcat.util.threads.ThreadPoolExecutor$Worker.run(ThreadPoolExecutor.java:659) ~[tomcat-embed-core-10.1.39.jar:10.1.39]
	at org.apache.tomcat.util.threads.TaskThread$WrappingRunnable.run(TaskThread.java:63) ~[tomcat-embed-core-10.1.39.jar:10.1.39]
	at java.base/java.lang.Thread.run(Thread.java:1583) ~[na:na]

2025-04-28T10:30:46.230+05:30  INFO 15660 --- [currency-service] [RMI TCP Connection(12)-127.0.0.1] [                                                 ] inMXBeanRegistrar$SpringApplicationAdmin : Application shutdown requested.
2025-04-28T10:30:46.233+05:30  INFO 15660 --- [currency-service] [RMI TCP Connection(12)-127.0.0.1] [                                                 ] o.s.c.n.e.s.EurekaServiceRegistry        : Unregistering application CURRENCY-SERVICE with eureka with status DOWN
2025-04-28T10:30:46.233+05:30  INFO 15660 --- [currency-service] [RMI TCP Connection(12)-127.0.0.1] [                                                 ] com.netflix.discovery.DiscoveryClient    : Saw local status change event StatusChangeEvent [timestamp=1745816446233, current=DOWN, previous=UP]
2025-04-28T10:30:46.239+05:30  INFO 15660 --- [currency-service] [RMI TCP Connection(12)-127.0.0.1] [                                                 ] o.s.b.w.e.tomcat.GracefulShutdown        : Commencing graceful shutdown. Waiting for active requests to complete
2025-04-28T10:30:46.243+05:30  INFO 15660 --- [currency-service] [DiscoveryClient-InstanceInfoReplicator-%d] [                                                 ] com.netflix.discovery.DiscoveryClient    : DiscoveryClient_CURRENCY-SERVICE/Gopichand:currency-service:8085: registering service...
2025-04-28T10:30:46.267+05:30  INFO 15660 --- [currency-service] [DiscoveryClient-InstanceInfoReplicator-%d] [                                                 ] com.netflix.discovery.DiscoveryClient    : DiscoveryClient_CURRENCY-SERVICE/Gopichand:currency-service:8085 - registration status: 204
2025-04-28T10:30:46.279+05:30  INFO 15660 --- [currency-service] [tomcat-shutdown] [                                                 ] o.s.b.w.e.tomcat.GracefulShutdown        : Graceful shutdown complete
2025-04-28T10:30:46.308+05:30  INFO 15660 --- [currency-service] [RMI TCP Connection(12)-127.0.0.1] [                                                 ] j.LocalContainerEntityManagerFactoryBean : Closing JPA EntityManagerFactory for persistence unit 'default'
2025-04-28T10:30:46.327+05:30  WARN 15660 --- [currency-service] [RMI TCP Connection(12)-127.0.0.1] [                                                 ] o.s.b.f.support.DisposableBeanAdapter    : Invocation of destroy method failed on bean with name 'inMemoryDatabaseShutdownExecutor': org.h2.jdbc.JdbcSQLNonTransientConnectionException: Database is already closed (to disable automatic closing at VM shutdown, add ";DB_CLOSE_ON_EXIT=FALSE" to the db URL) [90121-232]
2025-04-28T10:30:46.330+05:30  INFO 15660 --- [currency-service] [RMI TCP Connection(12)-127.0.0.1] [                                                 ] com.zaxxer.hikari.HikariDataSource       : HikariPool-1 - Shutdown initiated...
2025-04-28T10:30:46.334+05:30  INFO 15660 --- [currency-service] [RMI TCP Connection(12)-127.0.0.1] [                                                 ] com.zaxxer.hikari.HikariDataSource       : HikariPool-1 - Shutdown completed.
2025-04-28T10:30:46.907+05:30  INFO 15660 --- [currency-service] [RMI TCP Connection(12)-127.0.0.1] [                                                 ] com.netflix.discovery.DiscoveryClient    : Shutting down DiscoveryClient ...
2025-04-28T10:30:49.922+05:30  INFO 15660 --- [currency-service] [RMI TCP Connection(12)-127.0.0.1] [                                                 ] com.netflix.discovery.DiscoveryClient    : Unregistering ...
2025-04-28T10:30:49.944+05:30  INFO 15660 --- [currency-service] [RMI TCP Connection(12)-127.0.0.1] [                                                 ] com.netflix.discovery.DiscoveryClient    : DiscoveryClient_CURRENCY-SERVICE/Gopichand:currency-service:8085 - deregister  status: 200
2025-04-28T10:30:49.945+05:30  INFO 15660 --- [currency-service] [RMI TCP Connection(12)-127.0.0.1] [                                                 ] com.netflix.discovery.DiscoveryClient    : Completed shut down of DiscoveryClient
2025-04-28T10:31:00.556+05:30  INFO 5360 --- [currency-service] [restartedMain] [                                                 ] c.l.currency.CurrencyServiceApplication  : Starting CurrencyServiceApplication using Java 21.0.6 with PID 5360 (D:\SpringMicroservices\currency-service\target\classes started by gopic in D:\SpringMicroservices\currency-service)
2025-04-28T10:31:00.561+05:30  INFO 5360 --- [currency-service] [restartedMain] [                                                 ] c.l.currency.CurrencyServiceApplication  : The following 1 profile is active: "dev"
2025-04-28T10:31:00.634+05:30  INFO 5360 --- [currency-service] [restartedMain] [                                                 ] o.s.c.c.c.ConfigServerConfigDataLoader   : Fetching config from server at : http://localhost:8888
2025-04-28T10:31:00.634+05:30  INFO 5360 --- [currency-service] [restartedMain] [                                                 ] o.s.c.c.c.ConfigServerConfigDataLoader   : Located environment: name=currency-service, profiles=[default], label=null, version=ce6838534f35ca0d1b94b1a041da84d2cb996612, state=
2025-04-28T10:31:00.635+05:30  INFO 5360 --- [currency-service] [restartedMain] [                                                 ] o.s.c.c.c.ConfigServerConfigDataLoader   : Fetching config from server at : http://localhost:8888
2025-04-28T10:31:00.635+05:30  INFO 5360 --- [currency-service] [restartedMain] [                                                 ] o.s.c.c.c.ConfigServerConfigDataLoader   : Located environment: name=currency-service, profiles=[dev], label=null, version=ce6838534f35ca0d1b94b1a041da84d2cb996612, state=
2025-04-28T10:31:00.638+05:30  INFO 5360 --- [currency-service] [restartedMain] [                                                 ] .e.DevToolsPropertyDefaultsPostProcessor : Devtools property defaults active! Set 'spring.devtools.add-properties' to 'false' to disable
2025-04-28T10:31:00.639+05:30  INFO 5360 --- [currency-service] [restartedMain] [                                                 ] .e.DevToolsPropertyDefaultsPostProcessor : For additional web related logging consider setting the 'logging.level.web' property to 'DEBUG'
2025-04-28T10:31:02.793+05:30  INFO 5360 --- [currency-service] [restartedMain] [                                                 ] .s.d.r.c.RepositoryConfigurationDelegate : Bootstrapping Spring Data JPA repositories in DEFAULT mode.
2025-04-28T10:31:03.015+05:30  INFO 5360 --- [currency-service] [restartedMain] [                                                 ] .s.d.r.c.RepositoryConfigurationDelegate : Finished Spring Data repository scanning in 203 ms. Found 1 JPA repository interface.
2025-04-28T10:31:03.652+05:30  INFO 5360 --- [currency-service] [restartedMain] [                                                 ] o.s.cloud.context.scope.GenericScope     : BeanFactory id=4603d0f6-5669-3805-859f-1fd26732264a
2025-04-28T10:31:05.142+05:30  INFO 5360 --- [currency-service] [restartedMain] [                                                 ] o.s.b.w.embedded.tomcat.TomcatWebServer  : Tomcat initialized with port 8085 (http)
2025-04-28T10:31:05.165+05:30  INFO 5360 --- [currency-service] [restartedMain] [                                                 ] o.apache.catalina.core.StandardService   : Starting service [Tomcat]
2025-04-28T10:31:05.166+05:30  INFO 5360 --- [currency-service] [restartedMain] [                                                 ] o.apache.catalina.core.StandardEngine    : Starting Servlet engine: [Apache Tomcat/10.1.39]
2025-04-28T10:31:05.285+05:30  INFO 5360 --- [currency-service] [restartedMain] [                                                 ] o.a.c.c.C.[Tomcat].[localhost].[/]       : Initializing Spring embedded WebApplicationContext
2025-04-28T10:31:05.286+05:30  INFO 5360 --- [currency-service] [restartedMain] [                                                 ] w.s.c.ServletWebServerApplicationContext : Root WebApplicationContext: initialization completed in 4646 ms
2025-04-28T10:31:06.782+05:30  INFO 5360 --- [currency-service] [restartedMain] [                                                 ] o.hibernate.jpa.internal.util.LogHelper  : HHH000204: Processing PersistenceUnitInfo [name: default]
2025-04-28T10:31:06.871+05:30  INFO 5360 --- [currency-service] [restartedMain] [                                                 ] org.hibernate.Version                    : HHH000412: Hibernate ORM core version 6.6.11.Final
2025-04-28T10:31:06.932+05:30  INFO 5360 --- [currency-service] [restartedMain] [                                                 ] o.h.c.internal.RegionFactoryInitiator    : HHH000026: Second-level cache disabled
2025-04-28T10:31:07.382+05:30  INFO 5360 --- [currency-service] [restartedMain] [                                                 ] o.s.o.j.p.SpringPersistenceUnitInfo      : No LoadTimeWeaver setup: ignoring JPA class transformer
2025-04-28T10:31:07.429+05:30  INFO 5360 --- [currency-service] [restartedMain] [                                                 ] com.zaxxer.hikari.HikariDataSource       : HikariPool-1 - Starting...
2025-04-28T10:31:07.732+05:30  INFO 5360 --- [currency-service] [restartedMain] [                                                 ] com.zaxxer.hikari.pool.HikariPool        : HikariPool-1 - Added connection conn0: url=jdbc:h2:mem:testdb user=SA
2025-04-28T10:31:07.735+05:30  INFO 5360 --- [currency-service] [restartedMain] [                                                 ] com.zaxxer.hikari.HikariDataSource       : HikariPool-1 - Start completed.
2025-04-28T10:31:07.780+05:30  WARN 5360 --- [currency-service] [restartedMain] [                                                 ] org.hibernate.orm.deprecation            : HHH90000025: H2Dialect does not need to be specified explicitly using 'hibernate.dialect' (remove the property setting and it will be selected by default)
2025-04-28T10:31:07.813+05:30  INFO 5360 --- [currency-service] [restartedMain] [                                                 ] org.hibernate.orm.connections.pooling    : HHH10001005: Database info:
	Database JDBC URL [Connecting through datasource 'HikariDataSource (HikariPool-1)']
	Database driver: undefined/unknown
	Database version: 2.3.232
	Autocommit mode: undefined/unknown
	Isolation level: undefined/unknown
	Minimum pool size: undefined/unknown
	Maximum pool size: undefined/unknown
2025-04-28T10:31:08.868+05:30  INFO 5360 --- [currency-service] [restartedMain] [                                                 ] o.h.e.t.j.p.i.JtaPlatformInitiator       : HHH000489: No JTA platform available (set 'hibernate.transaction.jta.platform' to enable JTA platform integration)
2025-04-28T10:31:08.921+05:30  INFO 5360 --- [currency-service] [restartedMain] [                                                 ] j.LocalContainerEntityManagerFactoryBean : Initialized JPA EntityManagerFactory for persistence unit 'default'
2025-04-28T10:31:09.579+05:30  WARN 5360 --- [currency-service] [restartedMain] [                                                 ] JpaBaseConfiguration$JpaWebConfiguration : spring.jpa.open-in-view is enabled by default. Therefore, database queries may be performed during view rendering. Explicitly configure spring.jpa.open-in-view to disable this warning
2025-04-28T10:31:09.751+05:30  WARN 5360 --- [currency-service] [restartedMain] [                                                 ] o.s.b.d.a.OptionalLiveReloadServer       : Unable to start LiveReload server
2025-04-28T10:31:09.865+05:30  INFO 5360 --- [currency-service] [restartedMain] [                                                 ] o.s.c.openfeign.FeignClientFactoryBean   : For 'currency-exchange' URL not provided. Will try picking an instance via load-balancing.
2025-04-28T10:31:12.636+05:30  INFO 5360 --- [currency-service] [restartedMain] [                                                 ] o.s.b.a.h2.H2ConsoleAutoConfiguration    : H2 console available at '/h2-console'. Database available at 'jdbc:h2:mem:testdb'
2025-04-28T10:31:12.927+05:30  INFO 5360 --- [currency-service] [restartedMain] [                                                 ] DiscoveryClientOptionalArgsConfiguration : Eureka HTTP Client uses RestTemplate.
2025-04-28T10:31:13.085+05:30  WARN 5360 --- [currency-service] [restartedMain] [                                                 ] iguration$LoadBalancerCaffeineWarnLogger : Spring Cloud LoadBalancer is currently working with the default cache. While this cache implementation is useful for development and tests, it's recommended to use Caffeine cache in production.You can switch to using Caffeine cache, by adding it and org.springframework.cache.caffeine.CaffeineCacheManager to the classpath.
2025-04-28T10:31:13.163+05:30  INFO 5360 --- [currency-service] [restartedMain] [                                                 ] o.s.b.a.e.web.EndpointLinksResolver      : Exposing 28 endpoints beneath base path '/actuator'
2025-04-28T10:31:13.327+05:30  INFO 5360 --- [currency-service] [restartedMain] [                                                 ] o.s.c.n.eureka.InstanceInfoFactory       : Setting initial instance status as: STARTING
2025-04-28T10:31:13.370+05:30  INFO 5360 --- [currency-service] [restartedMain] [                                                 ] com.netflix.discovery.DiscoveryClient    : Initializing Eureka in region us-east-1
2025-04-28T10:31:13.377+05:30  INFO 5360 --- [currency-service] [restartedMain] [                                                 ] c.n.d.s.r.aws.ConfigClusterResolver      : Resolving eureka endpoints via configuration
2025-04-28T10:31:13.387+05:30  INFO 5360 --- [currency-service] [restartedMain] [                                                 ] com.netflix.discovery.DiscoveryClient    : Disable delta property : false
2025-04-28T10:31:13.388+05:30  INFO 5360 --- [currency-service] [restartedMain] [                                                 ] com.netflix.discovery.DiscoveryClient    : Single vip registry refresh property : null
2025-04-28T10:31:13.388+05:30  INFO 5360 --- [currency-service] [restartedMain] [                                                 ] com.netflix.discovery.DiscoveryClient    : Force full registry fetch : false
2025-04-28T10:31:13.388+05:30  INFO 5360 --- [currency-service] [restartedMain] [                                                 ] com.netflix.discovery.DiscoveryClient    : Application is null : false
2025-04-28T10:31:13.388+05:30  INFO 5360 --- [currency-service] [restartedMain] [                                                 ] com.netflix.discovery.DiscoveryClient    : Registered Applications size is zero : true
2025-04-28T10:31:13.389+05:30  INFO 5360 --- [currency-service] [restartedMain] [                                                 ] com.netflix.discovery.DiscoveryClient    : Application version is -1: true
2025-04-28T10:31:13.389+05:30  INFO 5360 --- [currency-service] [restartedMain] [                                                 ] com.netflix.discovery.DiscoveryClient    : Getting all instance registry info from the eureka server
2025-04-28T10:31:13.647+05:30  INFO 5360 --- [currency-service] [restartedMain] [                                                 ] com.netflix.discovery.DiscoveryClient    : The response status is 200
2025-04-28T10:31:13.649+05:30  INFO 5360 --- [currency-service] [restartedMain] [                                                 ] com.netflix.discovery.DiscoveryClient    : Starting heartbeat executor: renew interval is: 30
2025-04-28T10:31:13.651+05:30  INFO 5360 --- [currency-service] [restartedMain] [                                                 ] c.n.discovery.InstanceInfoReplicator     : InstanceInfoReplicator onDemand update allowed rate per min is 4
2025-04-28T10:31:13.654+05:30  INFO 5360 --- [currency-service] [restartedMain] [                                                 ] com.netflix.discovery.DiscoveryClient    : Discovery Client initialized at timestamp 1745816473654 with initial instances count: 1
2025-04-28T10:31:13.680+05:30  INFO 5360 --- [currency-service] [restartedMain] [                                                 ] o.s.c.n.e.s.EurekaServiceRegistry        : Registering application CURRENCY-SERVICE with eureka with status UP
2025-04-28T10:31:13.681+05:30  INFO 5360 --- [currency-service] [restartedMain] [                                                 ] com.netflix.discovery.DiscoveryClient    : Saw local status change event StatusChangeEvent [timestamp=1745816473681, current=UP, previous=STARTING]
2025-04-28T10:31:13.683+05:30  INFO 5360 --- [currency-service] [DiscoveryClient-InstanceInfoReplicator-%d] [                                                 ] com.netflix.discovery.DiscoveryClient    : DiscoveryClient_CURRENCY-SERVICE/Gopichand:currency-service:8085: registering service...
2025-04-28T10:31:13.722+05:30  INFO 5360 --- [currency-service] [restartedMain] [                                                 ] o.s.b.w.embedded.tomcat.TomcatWebServer  : Tomcat started on port 8085 (http) with context path '/'
2025-04-28T10:31:13.723+05:30  INFO 5360 --- [currency-service] [restartedMain] [                                                 ] .s.c.n.e.s.EurekaAutoServiceRegistration : Updating port to 8085
2025-04-28T10:31:13.746+05:30  INFO 5360 --- [currency-service] [DiscoveryClient-InstanceInfoReplicator-%d] [                                                 ] com.netflix.discovery.DiscoveryClient    : DiscoveryClient_CURRENCY-SERVICE/Gopichand:currency-service:8085 - registration status: 204
2025-04-28T10:31:13.749+05:30  INFO 5360 --- [currency-service] [restartedMain] [                                                 ] c.l.currency.CurrencyServiceApplication  : Started CurrencyServiceApplication in 19.433 seconds (process running for 21.019)
2025-04-28T10:31:13.786+05:30  INFO 5360 --- [currency-service] [registrationTask1] [                                                 ] d.c.b.a.c.r.ApplicationRegistrator       : Application registered itself as 755fc9018fe1
2025-04-28T10:31:13.849+05:30  INFO 5360 --- [currency-service] [http-nio-8085-exec-1] [                                                 ] o.a.c.c.C.[Tomcat].[localhost].[/]       : Initializing Spring DispatcherServlet 'dispatcherServlet'
2025-04-28T10:31:13.851+05:30  INFO 5360 --- [currency-service] [http-nio-8085-exec-1] [                                                 ] o.s.web.servlet.DispatcherServlet        : Initializing Servlet 'dispatcherServlet'
2025-04-28T10:31:13.856+05:30  INFO 5360 --- [currency-service] [http-nio-8085-exec-1] [                                                 ] o.s.web.servlet.DispatcherServlet        : Completed initialization in 5 ms
2025-04-28T10:31:23.821+05:30  INFO 5360 --- [currency-service] [http-nio-8085-exec-4] [680f0ba3370f1fe44db0ebda690fc304-ee3f4f00b0a906f3] c.l.c.contoller.CurrencyController       : This is Info logCurrencyRequest(fromCurrency=USD, toCurrency=INR, quantity=10)
2025-04-28T10:31:23.963+05:30  WARN 5360 --- [currency-service] [http-nio-8085-exec-4] [680f0ba3370f1fe44db0ebda690fc304-ee3f4f00b0a906f3] o.s.c.l.core.RoundRobinLoadBalancer      : No servers available for service: currency-exchange
2025-04-28T10:31:23.974+05:30  WARN 5360 --- [currency-service] [http-nio-8085-exec-4] [680f0ba3370f1fe44db0ebda690fc304-ee3f4f00b0a906f3] .s.c.o.l.FeignBlockingLoadBalancerClient : Load balancer does not contain an instance for the service currency-exchange
2025-04-28T10:31:24.006+05:30 ERROR 5360 --- [currency-service] [http-nio-8085-exec-4] [                                                 ] o.a.c.c.C.[.[.[/].[dispatcherServlet]    : Servlet.service() for servlet [dispatcherServlet] in context with path [] threw exception [Request processing failed: java.lang.RuntimeException: Server is slow,Please try after some time] with root cause

java.lang.RuntimeException: Server is slow,Please try after some time
	at com.lokesh.currency.service.CurrencyService.getFallBackDetails(CurrencyService.java:47) ~[classes/:na]
	at java.base/jdk.internal.reflect.DirectMethodHandleAccessor.invoke(DirectMethodHandleAccessor.java:103) ~[na:na]
	at java.base/java.lang.reflect.Method.invoke(Method.java:580) ~[na:na]
	at org.springframework.aop.support.AopUtils.invokeJoinpointUsingReflection(AopUtils.java:359) ~[spring-aop-6.2.5.jar:6.2.5]
	at org.springframework.aop.framework.ReflectiveMethodInvocation.invokeJoinpoint(ReflectiveMethodInvocation.java:196) ~[spring-aop-6.2.5.jar:6.2.5]
	at org.springframework.aop.framework.ReflectiveMethodInvocation.proceed(ReflectiveMethodInvocation.java:163) ~[spring-aop-6.2.5.jar:6.2.5]
	at org.springframework.aop.interceptor.ExposeInvocationInterceptor.invoke(ExposeInvocationInterceptor.java:97) ~[spring-aop-6.2.5.jar:6.2.5]
	at org.springframework.aop.framework.ReflectiveMethodInvocation.proceed(ReflectiveMethodInvocation.java:184) ~[spring-aop-6.2.5.jar:6.2.5]
	at org.springframework.aop.framework.CglibAopProxy$DynamicAdvisedInterceptor.intercept(CglibAopProxy.java:727) ~[spring-aop-6.2.5.jar:6.2.5]
	at com.lokesh.currency.service.CurrencyService$$SpringCGLIB$$0.getFallBackDetails(<generated>) ~[classes/:na]
	at java.base/jdk.internal.reflect.DirectMethodHandleAccessor.invoke(DirectMethodHandleAccessor.java:103) ~[na:na]
	at java.base/java.lang.reflect.Method.invoke(Method.java:580) ~[na:na]
	at io.github.resilience4j.spring6.fallback.FallbackMethod.invoke(FallbackMethod.java:218) ~[resilience4j-spring6-2.2.0.jar:2.2.0]
	at io.github.resilience4j.spring6.fallback.FallbackMethod.fallback(FallbackMethod.java:165) ~[resilience4j-spring6-2.2.0.jar:2.2.0]
	at io.github.resilience4j.spring6.fallback.DefaultFallbackDecorator.lambda$decorate$0(DefaultFallbackDecorator.java:40) ~[resilience4j-spring6-2.2.0.jar:2.2.0]
	at io.github.resilience4j.spring6.fallback.FallbackExecutor.execute(FallbackExecutor.java:39) ~[resilience4j-spring6-2.2.0.jar:2.2.0]
	at io.github.resilience4j.spring6.circuitbreaker.configure.CircuitBreakerAspect.circuitBreakerAroundAdvice(CircuitBreakerAspect.java:109) ~[resilience4j-spring6-2.2.0.jar:2.2.0]
	at java.base/jdk.internal.reflect.DirectMethodHandleAccessor.invoke(DirectMethodHandleAccessor.java:103) ~[na:na]
	at java.base/java.lang.reflect.Method.invoke(Method.java:580) ~[na:na]
	at org.springframework.aop.aspectj.AbstractAspectJAdvice.invokeAdviceMethodWithGivenArgs(AbstractAspectJAdvice.java:642) ~[spring-aop-6.2.5.jar:6.2.5]
	at org.springframework.aop.aspectj.AbstractAspectJAdvice.invokeAdviceMethod(AbstractAspectJAdvice.java:632) ~[spring-aop-6.2.5.jar:6.2.5]
	at org.springframework.aop.aspectj.AspectJAroundAdvice.invoke(AspectJAroundAdvice.java:71) ~[spring-aop-6.2.5.jar:6.2.5]
	at org.springframework.aop.framework.ReflectiveMethodInvocation.proceed(ReflectiveMethodInvocation.java:173) ~[spring-aop-6.2.5.jar:6.2.5]
	at org.springframework.aop.interceptor.ExposeInvocationInterceptor.invoke(ExposeInvocationInterceptor.java:97) ~[spring-aop-6.2.5.jar:6.2.5]
	at org.springframework.aop.framework.ReflectiveMethodInvocation.proceed(ReflectiveMethodInvocation.java:184) ~[spring-aop-6.2.5.jar:6.2.5]
	at org.springframework.aop.framework.CglibAopProxy$DynamicAdvisedInterceptor.intercept(CglibAopProxy.java:727) ~[spring-aop-6.2.5.jar:6.2.5]
	at com.lokesh.currency.service.CurrencyService$$SpringCGLIB$$0.currencyConversion(<generated>) ~[classes/:na]
	at com.lokesh.currency.contoller.CurrencyController.currencyConversion(CurrencyController.java:40) ~[classes/:na]
	at java.base/jdk.internal.reflect.DirectMethodHandleAccessor.invoke(DirectMethodHandleAccessor.java:103) ~[na:na]
	at java.base/java.lang.reflect.Method.invoke(Method.java:580) ~[na:na]
	at org.springframework.web.method.support.InvocableHandlerMethod.doInvoke(InvocableHandlerMethod.java:258) ~[spring-web-6.2.5.jar:6.2.5]
	at org.springframework.web.method.support.InvocableHandlerMethod.invokeForRequest(InvocableHandlerMethod.java:191) ~[spring-web-6.2.5.jar:6.2.5]
	at org.springframework.web.servlet.mvc.method.annotation.ServletInvocableHandlerMethod.invokeAndHandle(ServletInvocableHandlerMethod.java:118) ~[spring-webmvc-6.2.5.jar:6.2.5]
	at org.springframework.web.servlet.mvc.method.annotation.RequestMappingHandlerAdapter.invokeHandlerMethod(RequestMappingHandlerAdapter.java:986) ~[spring-webmvc-6.2.5.jar:6.2.5]
	at org.springframework.web.servlet.mvc.method.annotation.RequestMappingHandlerAdapter.handleInternal(RequestMappingHandlerAdapter.java:891) ~[spring-webmvc-6.2.5.jar:6.2.5]
	at org.springframework.web.servlet.mvc.method.AbstractHandlerMethodAdapter.handle(AbstractHandlerMethodAdapter.java:87) ~[spring-webmvc-6.2.5.jar:6.2.5]
	at org.springframework.web.servlet.DispatcherServlet.doDispatch(DispatcherServlet.java:1089) ~[spring-webmvc-6.2.5.jar:6.2.5]
	at org.springframework.web.servlet.DispatcherServlet.doService(DispatcherServlet.java:979) ~[spring-webmvc-6.2.5.jar:6.2.5]
	at org.springframework.web.servlet.FrameworkServlet.processRequest(FrameworkServlet.java:1014) ~[spring-webmvc-6.2.5.jar:6.2.5]
	at org.springframework.web.servlet.FrameworkServlet.doPost(FrameworkServlet.java:914) ~[spring-webmvc-6.2.5.jar:6.2.5]
	at jakarta.servlet.http.HttpServlet.service(HttpServlet.java:590) ~[tomcat-embed-core-10.1.39.jar:6.0]
	at org.springframework.web.servlet.FrameworkServlet.service(FrameworkServlet.java:885) ~[spring-webmvc-6.2.5.jar:6.2.5]
	at jakarta.servlet.http.HttpServlet.service(HttpServlet.java:658) ~[tomcat-embed-core-10.1.39.jar:6.0]
	at org.apache.catalina.core.ApplicationFilterChain.internalDoFilter(ApplicationFilterChain.java:195) ~[tomcat-embed-core-10.1.39.jar:10.1.39]
	at org.apache.catalina.core.ApplicationFilterChain.doFilter(ApplicationFilterChain.java:140) ~[tomcat-embed-core-10.1.39.jar:10.1.39]
	at org.apache.tomcat.websocket.server.WsFilter.doFilter(WsFilter.java:51) ~[tomcat-embed-websocket-10.1.39.jar:10.1.39]
	at org.apache.catalina.core.ApplicationFilterChain.internalDoFilter(ApplicationFilterChain.java:164) ~[tomcat-embed-core-10.1.39.jar:10.1.39]
	at org.apache.catalina.core.ApplicationFilterChain.doFilter(ApplicationFilterChain.java:140) ~[tomcat-embed-core-10.1.39.jar:10.1.39]
	at org.springframework.web.filter.RequestContextFilter.doFilterInternal(RequestContextFilter.java:100) ~[spring-web-6.2.5.jar:6.2.5]
	at org.springframework.web.filter.OncePerRequestFilter.doFilter(OncePerRequestFilter.java:116) ~[spring-web-6.2.5.jar:6.2.5]
	at org.apache.catalina.core.ApplicationFilterChain.internalDoFilter(ApplicationFilterChain.java:164) ~[tomcat-embed-core-10.1.39.jar:10.1.39]
	at org.apache.catalina.core.ApplicationFilterChain.doFilter(ApplicationFilterChain.java:140) ~[tomcat-embed-core-10.1.39.jar:10.1.39]
	at org.springframework.web.filter.FormContentFilter.doFilterInternal(FormContentFilter.java:93) ~[spring-web-6.2.5.jar:6.2.5]
	at org.springframework.web.filter.OncePerRequestFilter.doFilter(OncePerRequestFilter.java:116) ~[spring-web-6.2.5.jar:6.2.5]
	at org.apache.catalina.core.ApplicationFilterChain.internalDoFilter(ApplicationFilterChain.java:164) ~[tomcat-embed-core-10.1.39.jar:10.1.39]
	at org.apache.catalina.core.ApplicationFilterChain.doFilter(ApplicationFilterChain.java:140) ~[tomcat-embed-core-10.1.39.jar:10.1.39]
	at org.springframework.web.filter.ServerHttpObservationFilter.doFilterInternal(ServerHttpObservationFilter.java:114) ~[spring-web-6.2.5.jar:6.2.5]
	at org.springframework.web.filter.OncePerRequestFilter.doFilter(OncePerRequestFilter.java:116) ~[spring-web-6.2.5.jar:6.2.5]
	at org.apache.catalina.core.ApplicationFilterChain.internalDoFilter(ApplicationFilterChain.java:164) ~[tomcat-embed-core-10.1.39.jar:10.1.39]
	at org.apache.catalina.core.ApplicationFilterChain.doFilter(ApplicationFilterChain.java:140) ~[tomcat-embed-core-10.1.39.jar:10.1.39]
	at org.springframework.web.filter.CharacterEncodingFilter.doFilterInternal(CharacterEncodingFilter.java:201) ~[spring-web-6.2.5.jar:6.2.5]
	at org.springframework.web.filter.OncePerRequestFilter.doFilter(OncePerRequestFilter.java:116) ~[spring-web-6.2.5.jar:6.2.5]
	at org.apache.catalina.core.ApplicationFilterChain.internalDoFilter(ApplicationFilterChain.java:164) ~[tomcat-embed-core-10.1.39.jar:10.1.39]
	at org.apache.catalina.core.ApplicationFilterChain.doFilter(ApplicationFilterChain.java:140) ~[tomcat-embed-core-10.1.39.jar:10.1.39]
	at org.apache.catalina.core.StandardWrapperValve.invoke(StandardWrapperValve.java:167) ~[tomcat-embed-core-10.1.39.jar:10.1.39]
	at org.apache.catalina.core.StandardContextValve.invoke(StandardContextValve.java:90) ~[tomcat-embed-core-10.1.39.jar:10.1.39]
	at org.apache.catalina.authenticator.AuthenticatorBase.invoke(AuthenticatorBase.java:483) ~[tomcat-embed-core-10.1.39.jar:10.1.39]
	at org.apache.catalina.core.StandardHostValve.invoke(StandardHostValve.java:115) ~[tomcat-embed-core-10.1.39.jar:10.1.39]
	at org.apache.catalina.valves.ErrorReportValve.invoke(ErrorReportValve.java:93) ~[tomcat-embed-core-10.1.39.jar:10.1.39]
	at org.apache.catalina.core.StandardEngineValve.invoke(StandardEngineValve.java:74) ~[tomcat-embed-core-10.1.39.jar:10.1.39]
	at org.apache.catalina.connector.CoyoteAdapter.service(CoyoteAdapter.java:344) ~[tomcat-embed-core-10.1.39.jar:10.1.39]
	at org.apache.coyote.http11.Http11Processor.service(Http11Processor.java:397) ~[tomcat-embed-core-10.1.39.jar:10.1.39]
	at org.apache.coyote.AbstractProcessorLight.process(AbstractProcessorLight.java:63) ~[tomcat-embed-core-10.1.39.jar:10.1.39]
	at org.apache.coyote.AbstractProtocol$ConnectionHandler.process(AbstractProtocol.java:905) ~[tomcat-embed-core-10.1.39.jar:10.1.39]
	at org.apache.tomcat.util.net.NioEndpoint$SocketProcessor.doRun(NioEndpoint.java:1743) ~[tomcat-embed-core-10.1.39.jar:10.1.39]
	at org.apache.tomcat.util.net.SocketProcessorBase.run(SocketProcessorBase.java:52) ~[tomcat-embed-core-10.1.39.jar:10.1.39]
	at org.apache.tomcat.util.threads.ThreadPoolExecutor.runWorker(ThreadPoolExecutor.java:1190) ~[tomcat-embed-core-10.1.39.jar:10.1.39]
	at org.apache.tomcat.util.threads.ThreadPoolExecutor$Worker.run(ThreadPoolExecutor.java:659) ~[tomcat-embed-core-10.1.39.jar:10.1.39]
	at org.apache.tomcat.util.threads.TaskThread$WrappingRunnable.run(TaskThread.java:63) ~[tomcat-embed-core-10.1.39.jar:10.1.39]
	at java.base/java.lang.Thread.run(Thread.java:1583) ~[na:na]

2025-04-28T10:31:36.407+05:30  INFO 5360 --- [currency-service] [http-nio-8085-exec-6] [680f0bb0cb0b88fb55dbbb831bea0868-028b5d9877d4657d] c.l.c.contoller.CurrencyController       : This is Info logCurrencyRequest(fromCurrency=USD, toCurrency=INR, quantity=10)
2025-04-28T10:31:36.409+05:30  WARN 5360 --- [currency-service] [http-nio-8085-exec-6] [680f0bb0cb0b88fb55dbbb831bea0868-028b5d9877d4657d] o.s.c.l.core.RoundRobinLoadBalancer      : No servers available for service: currency-exchange
2025-04-28T10:31:36.410+05:30  WARN 5360 --- [currency-service] [http-nio-8085-exec-6] [680f0bb0cb0b88fb55dbbb831bea0868-028b5d9877d4657d] .s.c.o.l.FeignBlockingLoadBalancerClient : Load balancer does not contain an instance for the service currency-exchange
2025-04-28T10:31:36.413+05:30 ERROR 5360 --- [currency-service] [http-nio-8085-exec-6] [                                                 ] o.a.c.c.C.[.[.[/].[dispatcherServlet]    : Servlet.service() for servlet [dispatcherServlet] in context with path [] threw exception [Request processing failed: java.lang.RuntimeException: Server is slow,Please try after some time] with root cause

java.lang.RuntimeException: Server is slow,Please try after some time
	at com.lokesh.currency.service.CurrencyService.getFallBackDetails(CurrencyService.java:47) ~[classes/:na]
	at java.base/jdk.internal.reflect.DirectMethodHandleAccessor.invoke(DirectMethodHandleAccessor.java:103) ~[na:na]
	at java.base/java.lang.reflect.Method.invoke(Method.java:580) ~[na:na]
	at org.springframework.aop.support.AopUtils.invokeJoinpointUsingReflection(AopUtils.java:359) ~[spring-aop-6.2.5.jar:6.2.5]
	at org.springframework.aop.framework.ReflectiveMethodInvocation.invokeJoinpoint(ReflectiveMethodInvocation.java:196) ~[spring-aop-6.2.5.jar:6.2.5]
	at org.springframework.aop.framework.ReflectiveMethodInvocation.proceed(ReflectiveMethodInvocation.java:163) ~[spring-aop-6.2.5.jar:6.2.5]
	at org.springframework.aop.interceptor.ExposeInvocationInterceptor.invoke(ExposeInvocationInterceptor.java:97) ~[spring-aop-6.2.5.jar:6.2.5]
	at org.springframework.aop.framework.ReflectiveMethodInvocation.proceed(ReflectiveMethodInvocation.java:184) ~[spring-aop-6.2.5.jar:6.2.5]
	at org.springframework.aop.framework.CglibAopProxy$DynamicAdvisedInterceptor.intercept(CglibAopProxy.java:727) ~[spring-aop-6.2.5.jar:6.2.5]
	at com.lokesh.currency.service.CurrencyService$$SpringCGLIB$$0.getFallBackDetails(<generated>) ~[classes/:na]
	at java.base/jdk.internal.reflect.DirectMethodHandleAccessor.invoke(DirectMethodHandleAccessor.java:103) ~[na:na]
	at java.base/java.lang.reflect.Method.invoke(Method.java:580) ~[na:na]
	at io.github.resilience4j.spring6.fallback.FallbackMethod.invoke(FallbackMethod.java:218) ~[resilience4j-spring6-2.2.0.jar:2.2.0]
	at io.github.resilience4j.spring6.fallback.FallbackMethod.fallback(FallbackMethod.java:165) ~[resilience4j-spring6-2.2.0.jar:2.2.0]
	at io.github.resilience4j.spring6.fallback.DefaultFallbackDecorator.lambda$decorate$0(DefaultFallbackDecorator.java:40) ~[resilience4j-spring6-2.2.0.jar:2.2.0]
	at io.github.resilience4j.spring6.fallback.FallbackExecutor.execute(FallbackExecutor.java:39) ~[resilience4j-spring6-2.2.0.jar:2.2.0]
	at io.github.resilience4j.spring6.circuitbreaker.configure.CircuitBreakerAspect.circuitBreakerAroundAdvice(CircuitBreakerAspect.java:109) ~[resilience4j-spring6-2.2.0.jar:2.2.0]
	at java.base/jdk.internal.reflect.DirectMethodHandleAccessor.invoke(DirectMethodHandleAccessor.java:103) ~[na:na]
	at java.base/java.lang.reflect.Method.invoke(Method.java:580) ~[na:na]
	at org.springframework.aop.aspectj.AbstractAspectJAdvice.invokeAdviceMethodWithGivenArgs(AbstractAspectJAdvice.java:642) ~[spring-aop-6.2.5.jar:6.2.5]
	at org.springframework.aop.aspectj.AbstractAspectJAdvice.invokeAdviceMethod(AbstractAspectJAdvice.java:632) ~[spring-aop-6.2.5.jar:6.2.5]
	at org.springframework.aop.aspectj.AspectJAroundAdvice.invoke(AspectJAroundAdvice.java:71) ~[spring-aop-6.2.5.jar:6.2.5]
	at org.springframework.aop.framework.ReflectiveMethodInvocation.proceed(ReflectiveMethodInvocation.java:173) ~[spring-aop-6.2.5.jar:6.2.5]
	at org.springframework.aop.interceptor.ExposeInvocationInterceptor.invoke(ExposeInvocationInterceptor.java:97) ~[spring-aop-6.2.5.jar:6.2.5]
	at org.springframework.aop.framework.ReflectiveMethodInvocation.proceed(ReflectiveMethodInvocation.java:184) ~[spring-aop-6.2.5.jar:6.2.5]
	at org.springframework.aop.framework.CglibAopProxy$DynamicAdvisedInterceptor.intercept(CglibAopProxy.java:727) ~[spring-aop-6.2.5.jar:6.2.5]
	at com.lokesh.currency.service.CurrencyService$$SpringCGLIB$$0.currencyConversion(<generated>) ~[classes/:na]
	at com.lokesh.currency.contoller.CurrencyController.currencyConversion(CurrencyController.java:40) ~[classes/:na]
	at java.base/jdk.internal.reflect.DirectMethodHandleAccessor.invoke(DirectMethodHandleAccessor.java:103) ~[na:na]
	at java.base/java.lang.reflect.Method.invoke(Method.java:580) ~[na:na]
	at org.springframework.web.method.support.InvocableHandlerMethod.doInvoke(InvocableHandlerMethod.java:258) ~[spring-web-6.2.5.jar:6.2.5]
	at org.springframework.web.method.support.InvocableHandlerMethod.invokeForRequest(InvocableHandlerMethod.java:191) ~[spring-web-6.2.5.jar:6.2.5]
	at org.springframework.web.servlet.mvc.method.annotation.ServletInvocableHandlerMethod.invokeAndHandle(ServletInvocableHandlerMethod.java:118) ~[spring-webmvc-6.2.5.jar:6.2.5]
	at org.springframework.web.servlet.mvc.method.annotation.RequestMappingHandlerAdapter.invokeHandlerMethod(RequestMappingHandlerAdapter.java:986) ~[spring-webmvc-6.2.5.jar:6.2.5]
	at org.springframework.web.servlet.mvc.method.annotation.RequestMappingHandlerAdapter.handleInternal(RequestMappingHandlerAdapter.java:891) ~[spring-webmvc-6.2.5.jar:6.2.5]
	at org.springframework.web.servlet.mvc.method.AbstractHandlerMethodAdapter.handle(AbstractHandlerMethodAdapter.java:87) ~[spring-webmvc-6.2.5.jar:6.2.5]
	at org.springframework.web.servlet.DispatcherServlet.doDispatch(DispatcherServlet.java:1089) ~[spring-webmvc-6.2.5.jar:6.2.5]
	at org.springframework.web.servlet.DispatcherServlet.doService(DispatcherServlet.java:979) ~[spring-webmvc-6.2.5.jar:6.2.5]
	at org.springframework.web.servlet.FrameworkServlet.processRequest(FrameworkServlet.java:1014) ~[spring-webmvc-6.2.5.jar:6.2.5]
	at org.springframework.web.servlet.FrameworkServlet.doPost(FrameworkServlet.java:914) ~[spring-webmvc-6.2.5.jar:6.2.5]
	at jakarta.servlet.http.HttpServlet.service(HttpServlet.java:590) ~[tomcat-embed-core-10.1.39.jar:6.0]
	at org.springframework.web.servlet.FrameworkServlet.service(FrameworkServlet.java:885) ~[spring-webmvc-6.2.5.jar:6.2.5]
	at jakarta.servlet.http.HttpServlet.service(HttpServlet.java:658) ~[tomcat-embed-core-10.1.39.jar:6.0]
	at org.apache.catalina.core.ApplicationFilterChain.internalDoFilter(ApplicationFilterChain.java:195) ~[tomcat-embed-core-10.1.39.jar:10.1.39]
	at org.apache.catalina.core.ApplicationFilterChain.doFilter(ApplicationFilterChain.java:140) ~[tomcat-embed-core-10.1.39.jar:10.1.39]
	at org.apache.tomcat.websocket.server.WsFilter.doFilter(WsFilter.java:51) ~[tomcat-embed-websocket-10.1.39.jar:10.1.39]
	at org.apache.catalina.core.ApplicationFilterChain.internalDoFilter(ApplicationFilterChain.java:164) ~[tomcat-embed-core-10.1.39.jar:10.1.39]
	at org.apache.catalina.core.ApplicationFilterChain.doFilter(ApplicationFilterChain.java:140) ~[tomcat-embed-core-10.1.39.jar:10.1.39]
	at org.springframework.web.filter.RequestContextFilter.doFilterInternal(RequestContextFilter.java:100) ~[spring-web-6.2.5.jar:6.2.5]
	at org.springframework.web.filter.OncePerRequestFilter.doFilter(OncePerRequestFilter.java:116) ~[spring-web-6.2.5.jar:6.2.5]
	at org.apache.catalina.core.ApplicationFilterChain.internalDoFilter(ApplicationFilterChain.java:164) ~[tomcat-embed-core-10.1.39.jar:10.1.39]
	at org.apache.catalina.core.ApplicationFilterChain.doFilter(ApplicationFilterChain.java:140) ~[tomcat-embed-core-10.1.39.jar:10.1.39]
	at org.springframework.web.filter.FormContentFilter.doFilterInternal(FormContentFilter.java:93) ~[spring-web-6.2.5.jar:6.2.5]
	at org.springframework.web.filter.OncePerRequestFilter.doFilter(OncePerRequestFilter.java:116) ~[spring-web-6.2.5.jar:6.2.5]
	at org.apache.catalina.core.ApplicationFilterChain.internalDoFilter(ApplicationFilterChain.java:164) ~[tomcat-embed-core-10.1.39.jar:10.1.39]
	at org.apache.catalina.core.ApplicationFilterChain.doFilter(ApplicationFilterChain.java:140) ~[tomcat-embed-core-10.1.39.jar:10.1.39]
	at org.springframework.web.filter.ServerHttpObservationFilter.doFilterInternal(ServerHttpObservationFilter.java:114) ~[spring-web-6.2.5.jar:6.2.5]
	at org.springframework.web.filter.OncePerRequestFilter.doFilter(OncePerRequestFilter.java:116) ~[spring-web-6.2.5.jar:6.2.5]
	at org.apache.catalina.core.ApplicationFilterChain.internalDoFilter(ApplicationFilterChain.java:164) ~[tomcat-embed-core-10.1.39.jar:10.1.39]
	at org.apache.catalina.core.ApplicationFilterChain.doFilter(ApplicationFilterChain.java:140) ~[tomcat-embed-core-10.1.39.jar:10.1.39]
	at org.springframework.web.filter.CharacterEncodingFilter.doFilterInternal(CharacterEncodingFilter.java:201) ~[spring-web-6.2.5.jar:6.2.5]
	at org.springframework.web.filter.OncePerRequestFilter.doFilter(OncePerRequestFilter.java:116) ~[spring-web-6.2.5.jar:6.2.5]
	at org.apache.catalina.core.ApplicationFilterChain.internalDoFilter(ApplicationFilterChain.java:164) ~[tomcat-embed-core-10.1.39.jar:10.1.39]
	at org.apache.catalina.core.ApplicationFilterChain.doFilter(ApplicationFilterChain.java:140) ~[tomcat-embed-core-10.1.39.jar:10.1.39]
	at org.apache.catalina.core.StandardWrapperValve.invoke(StandardWrapperValve.java:167) ~[tomcat-embed-core-10.1.39.jar:10.1.39]
	at org.apache.catalina.core.StandardContextValve.invoke(StandardContextValve.java:90) ~[tomcat-embed-core-10.1.39.jar:10.1.39]
	at org.apache.catalina.authenticator.AuthenticatorBase.invoke(AuthenticatorBase.java:483) ~[tomcat-embed-core-10.1.39.jar:10.1.39]
	at org.apache.catalina.core.StandardHostValve.invoke(StandardHostValve.java:115) ~[tomcat-embed-core-10.1.39.jar:10.1.39]
	at org.apache.catalina.valves.ErrorReportValve.invoke(ErrorReportValve.java:93) ~[tomcat-embed-core-10.1.39.jar:10.1.39]
	at org.apache.catalina.core.StandardEngineValve.invoke(StandardEngineValve.java:74) ~[tomcat-embed-core-10.1.39.jar:10.1.39]
	at org.apache.catalina.connector.CoyoteAdapter.service(CoyoteAdapter.java:344) ~[tomcat-embed-core-10.1.39.jar:10.1.39]
	at org.apache.coyote.http11.Http11Processor.service(Http11Processor.java:397) ~[tomcat-embed-core-10.1.39.jar:10.1.39]
	at org.apache.coyote.AbstractProcessorLight.process(AbstractProcessorLight.java:63) ~[tomcat-embed-core-10.1.39.jar:10.1.39]
	at org.apache.coyote.AbstractProtocol$ConnectionHandler.process(AbstractProtocol.java:905) ~[tomcat-embed-core-10.1.39.jar:10.1.39]
	at org.apache.tomcat.util.net.NioEndpoint$SocketProcessor.doRun(NioEndpoint.java:1743) ~[tomcat-embed-core-10.1.39.jar:10.1.39]
	at org.apache.tomcat.util.net.SocketProcessorBase.run(SocketProcessorBase.java:52) ~[tomcat-embed-core-10.1.39.jar:10.1.39]
	at org.apache.tomcat.util.threads.ThreadPoolExecutor.runWorker(ThreadPoolExecutor.java:1190) ~[tomcat-embed-core-10.1.39.jar:10.1.39]
	at org.apache.tomcat.util.threads.ThreadPoolExecutor$Worker.run(ThreadPoolExecutor.java:659) ~[tomcat-embed-core-10.1.39.jar:10.1.39]
	at org.apache.tomcat.util.threads.TaskThread$WrappingRunnable.run(TaskThread.java:63) ~[tomcat-embed-core-10.1.39.jar:10.1.39]
	at java.base/java.lang.Thread.run(Thread.java:1583) ~[na:na]

2025-04-28T10:31:37.880+05:30  INFO 5360 --- [currency-service] [http-nio-8085-exec-7] [680f0bb15d768874fc43125485db614f-9d8ae942772ece2d] c.l.c.contoller.CurrencyController       : This is Info logCurrencyRequest(fromCurrency=USD, toCurrency=INR, quantity=10)
2025-04-28T10:31:37.882+05:30  WARN 5360 --- [currency-service] [http-nio-8085-exec-7] [680f0bb15d768874fc43125485db614f-9d8ae942772ece2d] o.s.c.l.core.RoundRobinLoadBalancer      : No servers available for service: currency-exchange
2025-04-28T10:31:37.883+05:30  WARN 5360 --- [currency-service] [http-nio-8085-exec-7] [680f0bb15d768874fc43125485db614f-9d8ae942772ece2d] .s.c.o.l.FeignBlockingLoadBalancerClient : Load balancer does not contain an instance for the service currency-exchange
2025-04-28T10:31:37.885+05:30 ERROR 5360 --- [currency-service] [http-nio-8085-exec-7] [                                                 ] o.a.c.c.C.[.[.[/].[dispatcherServlet]    : Servlet.service() for servlet [dispatcherServlet] in context with path [] threw exception [Request processing failed: java.lang.RuntimeException: Server is slow,Please try after some time] with root cause

java.lang.RuntimeException: Server is slow,Please try after some time
	at com.lokesh.currency.service.CurrencyService.getFallBackDetails(CurrencyService.java:47) ~[classes/:na]
	at java.base/jdk.internal.reflect.DirectMethodHandleAccessor.invoke(DirectMethodHandleAccessor.java:103) ~[na:na]
	at java.base/java.lang.reflect.Method.invoke(Method.java:580) ~[na:na]
	at org.springframework.aop.support.AopUtils.invokeJoinpointUsingReflection(AopUtils.java:359) ~[spring-aop-6.2.5.jar:6.2.5]
	at org.springframework.aop.framework.ReflectiveMethodInvocation.invokeJoinpoint(ReflectiveMethodInvocation.java:196) ~[spring-aop-6.2.5.jar:6.2.5]
	at org.springframework.aop.framework.ReflectiveMethodInvocation.proceed(ReflectiveMethodInvocation.java:163) ~[spring-aop-6.2.5.jar:6.2.5]
	at org.springframework.aop.interceptor.ExposeInvocationInterceptor.invoke(ExposeInvocationInterceptor.java:97) ~[spring-aop-6.2.5.jar:6.2.5]
	at org.springframework.aop.framework.ReflectiveMethodInvocation.proceed(ReflectiveMethodInvocation.java:184) ~[spring-aop-6.2.5.jar:6.2.5]
	at org.springframework.aop.framework.CglibAopProxy$DynamicAdvisedInterceptor.intercept(CglibAopProxy.java:727) ~[spring-aop-6.2.5.jar:6.2.5]
	at com.lokesh.currency.service.CurrencyService$$SpringCGLIB$$0.getFallBackDetails(<generated>) ~[classes/:na]
	at java.base/jdk.internal.reflect.DirectMethodHandleAccessor.invoke(DirectMethodHandleAccessor.java:103) ~[na:na]
	at java.base/java.lang.reflect.Method.invoke(Method.java:580) ~[na:na]
	at io.github.resilience4j.spring6.fallback.FallbackMethod.invoke(FallbackMethod.java:218) ~[resilience4j-spring6-2.2.0.jar:2.2.0]
	at io.github.resilience4j.spring6.fallback.FallbackMethod.fallback(FallbackMethod.java:165) ~[resilience4j-spring6-2.2.0.jar:2.2.0]
	at io.github.resilience4j.spring6.fallback.DefaultFallbackDecorator.lambda$decorate$0(DefaultFallbackDecorator.java:40) ~[resilience4j-spring6-2.2.0.jar:2.2.0]
	at io.github.resilience4j.spring6.fallback.FallbackExecutor.execute(FallbackExecutor.java:39) ~[resilience4j-spring6-2.2.0.jar:2.2.0]
	at io.github.resilience4j.spring6.circuitbreaker.configure.CircuitBreakerAspect.circuitBreakerAroundAdvice(CircuitBreakerAspect.java:109) ~[resilience4j-spring6-2.2.0.jar:2.2.0]
	at java.base/jdk.internal.reflect.DirectMethodHandleAccessor.invoke(DirectMethodHandleAccessor.java:103) ~[na:na]
	at java.base/java.lang.reflect.Method.invoke(Method.java:580) ~[na:na]
	at org.springframework.aop.aspectj.AbstractAspectJAdvice.invokeAdviceMethodWithGivenArgs(AbstractAspectJAdvice.java:642) ~[spring-aop-6.2.5.jar:6.2.5]
	at org.springframework.aop.aspectj.AbstractAspectJAdvice.invokeAdviceMethod(AbstractAspectJAdvice.java:632) ~[spring-aop-6.2.5.jar:6.2.5]
	at org.springframework.aop.aspectj.AspectJAroundAdvice.invoke(AspectJAroundAdvice.java:71) ~[spring-aop-6.2.5.jar:6.2.5]
	at org.springframework.aop.framework.ReflectiveMethodInvocation.proceed(ReflectiveMethodInvocation.java:173) ~[spring-aop-6.2.5.jar:6.2.5]
	at org.springframework.aop.interceptor.ExposeInvocationInterceptor.invoke(ExposeInvocationInterceptor.java:97) ~[spring-aop-6.2.5.jar:6.2.5]
	at org.springframework.aop.framework.ReflectiveMethodInvocation.proceed(ReflectiveMethodInvocation.java:184) ~[spring-aop-6.2.5.jar:6.2.5]
	at org.springframework.aop.framework.CglibAopProxy$DynamicAdvisedInterceptor.intercept(CglibAopProxy.java:727) ~[spring-aop-6.2.5.jar:6.2.5]
	at com.lokesh.currency.service.CurrencyService$$SpringCGLIB$$0.currencyConversion(<generated>) ~[classes/:na]
	at com.lokesh.currency.contoller.CurrencyController.currencyConversion(CurrencyController.java:40) ~[classes/:na]
	at java.base/jdk.internal.reflect.DirectMethodHandleAccessor.invoke(DirectMethodHandleAccessor.java:103) ~[na:na]
	at java.base/java.lang.reflect.Method.invoke(Method.java:580) ~[na:na]
	at org.springframework.web.method.support.InvocableHandlerMethod.doInvoke(InvocableHandlerMethod.java:258) ~[spring-web-6.2.5.jar:6.2.5]
	at org.springframework.web.method.support.InvocableHandlerMethod.invokeForRequest(InvocableHandlerMethod.java:191) ~[spring-web-6.2.5.jar:6.2.5]
	at org.springframework.web.servlet.mvc.method.annotation.ServletInvocableHandlerMethod.invokeAndHandle(ServletInvocableHandlerMethod.java:118) ~[spring-webmvc-6.2.5.jar:6.2.5]
	at org.springframework.web.servlet.mvc.method.annotation.RequestMappingHandlerAdapter.invokeHandlerMethod(RequestMappingHandlerAdapter.java:986) ~[spring-webmvc-6.2.5.jar:6.2.5]
	at org.springframework.web.servlet.mvc.method.annotation.RequestMappingHandlerAdapter.handleInternal(RequestMappingHandlerAdapter.java:891) ~[spring-webmvc-6.2.5.jar:6.2.5]
	at org.springframework.web.servlet.mvc.method.AbstractHandlerMethodAdapter.handle(AbstractHandlerMethodAdapter.java:87) ~[spring-webmvc-6.2.5.jar:6.2.5]
	at org.springframework.web.servlet.DispatcherServlet.doDispatch(DispatcherServlet.java:1089) ~[spring-webmvc-6.2.5.jar:6.2.5]
	at org.springframework.web.servlet.DispatcherServlet.doService(DispatcherServlet.java:979) ~[spring-webmvc-6.2.5.jar:6.2.5]
	at org.springframework.web.servlet.FrameworkServlet.processRequest(FrameworkServlet.java:1014) ~[spring-webmvc-6.2.5.jar:6.2.5]
	at org.springframework.web.servlet.FrameworkServlet.doPost(FrameworkServlet.java:914) ~[spring-webmvc-6.2.5.jar:6.2.5]
	at jakarta.servlet.http.HttpServlet.service(HttpServlet.java:590) ~[tomcat-embed-core-10.1.39.jar:6.0]
	at org.springframework.web.servlet.FrameworkServlet.service(FrameworkServlet.java:885) ~[spring-webmvc-6.2.5.jar:6.2.5]
	at jakarta.servlet.http.HttpServlet.service(HttpServlet.java:658) ~[tomcat-embed-core-10.1.39.jar:6.0]
	at org.apache.catalina.core.ApplicationFilterChain.internalDoFilter(ApplicationFilterChain.java:195) ~[tomcat-embed-core-10.1.39.jar:10.1.39]
	at org.apache.catalina.core.ApplicationFilterChain.doFilter(ApplicationFilterChain.java:140) ~[tomcat-embed-core-10.1.39.jar:10.1.39]
	at org.apache.tomcat.websocket.server.WsFilter.doFilter(WsFilter.java:51) ~[tomcat-embed-websocket-10.1.39.jar:10.1.39]
	at org.apache.catalina.core.ApplicationFilterChain.internalDoFilter(ApplicationFilterChain.java:164) ~[tomcat-embed-core-10.1.39.jar:10.1.39]
	at org.apache.catalina.core.ApplicationFilterChain.doFilter(ApplicationFilterChain.java:140) ~[tomcat-embed-core-10.1.39.jar:10.1.39]
	at org.springframework.web.filter.RequestContextFilter.doFilterInternal(RequestContextFilter.java:100) ~[spring-web-6.2.5.jar:6.2.5]
	at org.springframework.web.filter.OncePerRequestFilter.doFilter(OncePerRequestFilter.java:116) ~[spring-web-6.2.5.jar:6.2.5]
	at org.apache.catalina.core.ApplicationFilterChain.internalDoFilter(ApplicationFilterChain.java:164) ~[tomcat-embed-core-10.1.39.jar:10.1.39]
	at org.apache.catalina.core.ApplicationFilterChain.doFilter(ApplicationFilterChain.java:140) ~[tomcat-embed-core-10.1.39.jar:10.1.39]
	at org.springframework.web.filter.FormContentFilter.doFilterInternal(FormContentFilter.java:93) ~[spring-web-6.2.5.jar:6.2.5]
	at org.springframework.web.filter.OncePerRequestFilter.doFilter(OncePerRequestFilter.java:116) ~[spring-web-6.2.5.jar:6.2.5]
	at org.apache.catalina.core.ApplicationFilterChain.internalDoFilter(ApplicationFilterChain.java:164) ~[tomcat-embed-core-10.1.39.jar:10.1.39]
	at org.apache.catalina.core.ApplicationFilterChain.doFilter(ApplicationFilterChain.java:140) ~[tomcat-embed-core-10.1.39.jar:10.1.39]
	at org.springframework.web.filter.ServerHttpObservationFilter.doFilterInternal(ServerHttpObservationFilter.java:114) ~[spring-web-6.2.5.jar:6.2.5]
	at org.springframework.web.filter.OncePerRequestFilter.doFilter(OncePerRequestFilter.java:116) ~[spring-web-6.2.5.jar:6.2.5]
	at org.apache.catalina.core.ApplicationFilterChain.internalDoFilter(ApplicationFilterChain.java:164) ~[tomcat-embed-core-10.1.39.jar:10.1.39]
	at org.apache.catalina.core.ApplicationFilterChain.doFilter(ApplicationFilterChain.java:140) ~[tomcat-embed-core-10.1.39.jar:10.1.39]
	at org.springframework.web.filter.CharacterEncodingFilter.doFilterInternal(CharacterEncodingFilter.java:201) ~[spring-web-6.2.5.jar:6.2.5]
	at org.springframework.web.filter.OncePerRequestFilter.doFilter(OncePerRequestFilter.java:116) ~[spring-web-6.2.5.jar:6.2.5]
	at org.apache.catalina.core.ApplicationFilterChain.internalDoFilter(ApplicationFilterChain.java:164) ~[tomcat-embed-core-10.1.39.jar:10.1.39]
	at org.apache.catalina.core.ApplicationFilterChain.doFilter(ApplicationFilterChain.java:140) ~[tomcat-embed-core-10.1.39.jar:10.1.39]
	at org.apache.catalina.core.StandardWrapperValve.invoke(StandardWrapperValve.java:167) ~[tomcat-embed-core-10.1.39.jar:10.1.39]
	at org.apache.catalina.core.StandardContextValve.invoke(StandardContextValve.java:90) ~[tomcat-embed-core-10.1.39.jar:10.1.39]
	at org.apache.catalina.authenticator.AuthenticatorBase.invoke(AuthenticatorBase.java:483) ~[tomcat-embed-core-10.1.39.jar:10.1.39]
	at org.apache.catalina.core.StandardHostValve.invoke(StandardHostValve.java:115) ~[tomcat-embed-core-10.1.39.jar:10.1.39]
	at org.apache.catalina.valves.ErrorReportValve.invoke(ErrorReportValve.java:93) ~[tomcat-embed-core-10.1.39.jar:10.1.39]
	at org.apache.catalina.core.StandardEngineValve.invoke(StandardEngineValve.java:74) ~[tomcat-embed-core-10.1.39.jar:10.1.39]
	at org.apache.catalina.connector.CoyoteAdapter.service(CoyoteAdapter.java:344) ~[tomcat-embed-core-10.1.39.jar:10.1.39]
	at org.apache.coyote.http11.Http11Processor.service(Http11Processor.java:397) ~[tomcat-embed-core-10.1.39.jar:10.1.39]
	at org.apache.coyote.AbstractProcessorLight.process(AbstractProcessorLight.java:63) ~[tomcat-embed-core-10.1.39.jar:10.1.39]
	at org.apache.coyote.AbstractProtocol$ConnectionHandler.process(AbstractProtocol.java:905) ~[tomcat-embed-core-10.1.39.jar:10.1.39]
	at org.apache.tomcat.util.net.NioEndpoint$SocketProcessor.doRun(NioEndpoint.java:1743) ~[tomcat-embed-core-10.1.39.jar:10.1.39]
	at org.apache.tomcat.util.net.SocketProcessorBase.run(SocketProcessorBase.java:52) ~[tomcat-embed-core-10.1.39.jar:10.1.39]
	at org.apache.tomcat.util.threads.ThreadPoolExecutor.runWorker(ThreadPoolExecutor.java:1190) ~[tomcat-embed-core-10.1.39.jar:10.1.39]
	at org.apache.tomcat.util.threads.ThreadPoolExecutor$Worker.run(ThreadPoolExecutor.java:659) ~[tomcat-embed-core-10.1.39.jar:10.1.39]
	at org.apache.tomcat.util.threads.TaskThread$WrappingRunnable.run(TaskThread.java:63) ~[tomcat-embed-core-10.1.39.jar:10.1.39]
	at java.base/java.lang.Thread.run(Thread.java:1583) ~[na:na]

2025-04-28T10:31:45.254+05:30  INFO 5360 --- [currency-service] [http-nio-8085-exec-8] [680f0bb9fcee4792b449643192e3e9c0-c3c9788255a0f6bc] c.l.c.contoller.CurrencyController       : This is Info logCurrencyRequest(fromCurrency=USD, toCurrency=INR, quantity=10)
2025-04-28T10:31:45.754+05:30  INFO 5360 --- [currency-service] [http-nio-8085-exec-8] [680f0bb9fcee4792b449643192e3e9c0-c3c9788255a0f6bc] c.l.c.contoller.CurrencyController       : The transaction completed 
2025-04-28T10:31:45.757+05:30  WARN 5360 --- [currency-service] [http-nio-8085-exec-8] [680f0bb9fcee4792b449643192e3e9c0-c3c9788255a0f6bc] c.l.c.contoller.CurrencyController       : The stored information areCurrencyDetails(id=1, fromCurrency=USD, toCurrency=INR, quantity=10, currencyRate=65.0, totalAmount=650.0)
2025-04-28T10:31:50.965+05:30  INFO 5360 --- [currency-service] [http-nio-8085-exec-9] [680f0bbea41dfd8a262cb08c2ead8e4f-bbbcfdb83fd4a2bc] c.l.c.contoller.CurrencyController       : This is Info logCurrencyRequest(fromCurrency=USD, toCurrency=INR, quantity=10)
2025-04-28T10:31:50.990+05:30  INFO 5360 --- [currency-service] [http-nio-8085-exec-9] [680f0bbea41dfd8a262cb08c2ead8e4f-bbbcfdb83fd4a2bc] c.l.c.contoller.CurrencyController       : The transaction completed 
2025-04-28T10:31:50.990+05:30  WARN 5360 --- [currency-service] [http-nio-8085-exec-9] [680f0bbea41dfd8a262cb08c2ead8e4f-bbbcfdb83fd4a2bc] c.l.c.contoller.CurrencyController       : The stored information areCurrencyDetails(id=2, fromCurrency=USD, toCurrency=INR, quantity=10, currencyRate=65.0, totalAmount=650.0)
2025-04-28T10:31:52.416+05:30  INFO 5360 --- [currency-service] [http-nio-8085-exec-1] [680f0bc06bcc32f6f629d09eec532754-5ba934956b7c6c7e] c.l.c.contoller.CurrencyController       : This is Info logCurrencyRequest(fromCurrency=USD, toCurrency=INR, quantity=10)
2025-04-28T10:31:52.427+05:30  INFO 5360 --- [currency-service] [http-nio-8085-exec-1] [680f0bc06bcc32f6f629d09eec532754-5ba934956b7c6c7e] c.l.c.contoller.CurrencyController       : The transaction completed 
2025-04-28T10:31:52.427+05:30  WARN 5360 --- [currency-service] [http-nio-8085-exec-1] [680f0bc06bcc32f6f629d09eec532754-5ba934956b7c6c7e] c.l.c.contoller.CurrencyController       : The stored information areCurrencyDetails(id=3, fromCurrency=USD, toCurrency=INR, quantity=10, currencyRate=65.0, totalAmount=650.0)
2025-04-28T10:36:13.417+05:30  INFO 5360 --- [currency-service] [AsyncResolver-bootstrap-executor-%d] [                                                 ] c.n.d.s.r.aws.ConfigClusterResolver      : Resolving eureka endpoints via configuration
2025-04-28T10:41:13.446+05:30  INFO 5360 --- [currency-service] [AsyncResolver-bootstrap-executor-%d] [                                                 ] c.n.d.s.r.aws.ConfigClusterResolver      : Resolving eureka endpoints via configuration
2025-04-28T10:46:13.473+05:30  INFO 5360 --- [currency-service] [AsyncResolver-bootstrap-executor-%d] [                                                 ] c.n.d.s.r.aws.ConfigClusterResolver      : Resolving eureka endpoints via configuration
2025-04-28T10:51:13.501+05:30  INFO 5360 --- [currency-service] [AsyncResolver-bootstrap-executor-%d] [                                                 ] c.n.d.s.r.aws.ConfigClusterResolver      : Resolving eureka endpoints via configuration
2025-04-28T10:56:13.528+05:30  INFO 5360 --- [currency-service] [AsyncResolver-bootstrap-executor-%d] [                                                 ] c.n.d.s.r.aws.ConfigClusterResolver      : Resolving eureka endpoints via configuration
2025-04-28T11:01:13.555+05:30  INFO 5360 --- [currency-service] [AsyncResolver-bootstrap-executor-%d] [                                                 ] c.n.d.s.r.aws.ConfigClusterResolver      : Resolving eureka endpoints via configuration
2025-04-28T11:06:13.572+05:30  INFO 5360 --- [currency-service] [AsyncResolver-bootstrap-executor-%d] [                                                 ] c.n.d.s.r.aws.ConfigClusterResolver      : Resolving eureka endpoints via configuration
2025-04-28T14:14:42.696+05:30  WARN 5360 --- [currency-service] [HikariPool-1 housekeeper] [                                                 ] com.zaxxer.hikari.pool.HikariPool        : HikariPool-1 - Thread starvation or clock leap detected (housekeeper delta=3h8m39s249ms635µs800ns).
2025-04-28T14:14:59.939+05:30  INFO 5360 --- [currency-service] [RMI TCP Connection(53)-127.0.0.1] [                                                 ] inMXBeanRegistrar$SpringApplicationAdmin : Application shutdown requested.
2025-04-28T14:14:59.944+05:30  INFO 5360 --- [currency-service] [RMI TCP Connection(53)-127.0.0.1] [                                                 ] o.s.c.n.e.s.EurekaServiceRegistry        : Unregistering application CURRENCY-SERVICE with eureka with status DOWN
2025-04-28T14:14:59.945+05:30  INFO 5360 --- [currency-service] [RMI TCP Connection(53)-127.0.0.1] [                                                 ] com.netflix.discovery.DiscoveryClient    : Saw local status change event StatusChangeEvent [timestamp=1745829899945, current=DOWN, previous=UP]
2025-04-28T14:14:59.945+05:30  INFO 5360 --- [currency-service] [DiscoveryClient-InstanceInfoReplicator-%d] [                                                 ] com.netflix.discovery.DiscoveryClient    : DiscoveryClient_CURRENCY-SERVICE/Gopichand:currency-service:8085: registering service...
2025-04-28T14:14:59.954+05:30  INFO 5360 --- [currency-service] [RMI TCP Connection(53)-127.0.0.1] [                                                 ] o.s.b.w.e.tomcat.GracefulShutdown        : Commencing graceful shutdown. Waiting for active requests to complete
2025-04-28T14:14:59.969+05:30  INFO 5360 --- [currency-service] [tomcat-shutdown] [                                                 ] o.s.b.w.e.tomcat.GracefulShutdown        : Graceful shutdown complete
2025-04-28T14:14:59.978+05:30  INFO 5360 --- [currency-service] [DiscoveryClient-InstanceInfoReplicator-%d] [                                                 ] c.n.d.s.t.d.RedirectingEurekaHttpClient  : Request execution error. endpoint=DefaultEndpoint{ serviceUrl='http://localhost:8761/eureka/} exception=I/O error on POST request for "http://localhost:8761/eureka/apps/CURRENCY-SERVICE": localhost:8761 failed to respond stacktrace=org.springframework.web.client.ResourceAccessException: I/O error on POST request for "http://localhost:8761/eureka/apps/CURRENCY-SERVICE": localhost:8761 failed to respond
	at org.springframework.web.client.RestTemplate.createResourceAccessException(RestTemplate.java:926)
	at org.springframework.web.client.RestTemplate.doExecute(RestTemplate.java:906)
	at org.springframework.web.client.RestTemplate.execute(RestTemplate.java:841)
	at org.springframework.web.client.RestTemplate.exchange(RestTemplate.java:702)
	at org.springframework.cloud.netflix.eureka.http.RestTemplateEurekaHttpClient.register(RestTemplateEurekaHttpClient.java:87)
	at com.netflix.discovery.shared.transport.decorator.EurekaHttpClientDecorator$1.execute(EurekaHttpClientDecorator.java:59)
	at com.netflix.discovery.shared.transport.decorator.RedirectingEurekaHttpClient.execute(RedirectingEurekaHttpClient.java:91)
	at com.netflix.discovery.shared.transport.decorator.EurekaHttpClientDecorator.register(EurekaHttpClientDecorator.java:56)
	at com.netflix.discovery.shared.transport.decorator.EurekaHttpClientDecorator$1.execute(EurekaHttpClientDecorator.java:59)
	at com.netflix.discovery.shared.transport.decorator.RetryableEurekaHttpClient.execute(RetryableEurekaHttpClient.java:120)
	at com.netflix.discovery.shared.transport.decorator.EurekaHttpClientDecorator.register(EurekaHttpClientDecorator.java:56)
	at com.netflix.discovery.shared.transport.decorator.EurekaHttpClientDecorator$1.execute(EurekaHttpClientDecorator.java:59)
	at com.netflix.discovery.shared.transport.decorator.SessionedEurekaHttpClient.execute(SessionedEurekaHttpClient.java:76)
	at com.netflix.discovery.shared.transport.decorator.EurekaHttpClientDecorator.register(EurekaHttpClientDecorator.java:56)
	at com.netflix.discovery.DiscoveryClient.register(DiscoveryClient.java:828)
	at com.netflix.discovery.InstanceInfoReplicator.run(InstanceInfoReplicator.java:125)
	at com.netflix.discovery.InstanceInfoReplicator$2.run(InstanceInfoReplicator.java:105)
	at java.base/java.util.concurrent.Executors$RunnableAdapter.call(Executors.java:572)
	at java.base/java.util.concurrent.FutureTask.run(FutureTask.java:317)
	at java.base/java.util.concurrent.ScheduledThreadPoolExecutor$ScheduledFutureTask.run(ScheduledThreadPoolExecutor.java:304)
	at java.base/java.util.concurrent.ThreadPoolExecutor.runWorker(ThreadPoolExecutor.java:1144)
	at java.base/java.util.concurrent.ThreadPoolExecutor$Worker.run(ThreadPoolExecutor.java:642)
	at java.base/java.lang.Thread.run(Thread.java:1583)
Caused by: org.apache.hc.core5.http.NoHttpResponseException: localhost:8761 failed to respond
	at org.apache.hc.core5.http.impl.io.DefaultBHttpClientConnection.receiveResponseHeader(DefaultBHttpClientConnection.java:333)
	at org.apache.hc.core5.http.impl.io.HttpRequestExecutor.execute(HttpRequestExecutor.java:196)
	at org.apache.hc.client5.http.impl.classic.InternalExecRuntime.lambda$execute$0(InternalExecRuntime.java:236)
	at org.apache.hc.client5.http.impl.io.PoolingHttpClientConnectionManager$InternalConnectionEndpoint.execute(PoolingHttpClientConnectionManager.java:791)
	at org.apache.hc.client5.http.impl.classic.InternalExecRuntime.execute(InternalExecRuntime.java:233)
	at org.apache.hc.client5.http.impl.classic.MainClientExec.execute(MainClientExec.java:120)
	at org.apache.hc.client5.http.impl.classic.ExecChainElement.execute(ExecChainElement.java:51)
	at org.apache.hc.client5.http.impl.classic.ConnectExec.execute(ConnectExec.java:198)
	at org.apache.hc.client5.http.impl.classic.ExecChainElement.execute(ExecChainElement.java:51)
	at org.apache.hc.client5.http.impl.classic.ProtocolExec.execute(ProtocolExec.java:192)
	at org.apache.hc.client5.http.impl.classic.ExecChainElement.execute(ExecChainElement.java:51)
	at org.apache.hc.client5.http.impl.classic.ContentCompressionExec.execute(ContentCompressionExec.java:150)
	at org.apache.hc.client5.http.impl.classic.ExecChainElement.execute(ExecChainElement.java:51)
	at org.apache.hc.client5.http.impl.classic.HttpRequestRetryExec.execute(HttpRequestRetryExec.java:113)
	at org.apache.hc.client5.http.impl.classic.ExecChainElement.execute(ExecChainElement.java:51)
	at org.apache.hc.client5.http.impl.classic.RedirectExec.execute(RedirectExec.java:110)
	at org.apache.hc.client5.http.impl.classic.ExecChainElement.execute(ExecChainElement.java:51)
	at org.apache.hc.client5.http.impl.classic.InternalHttpClient.doExecute(InternalHttpClient.java:174)
	at org.apache.hc.client5.http.impl.classic.CloseableHttpClient.execute(CloseableHttpClient.java:87)
	at org.apache.hc.client5.http.impl.classic.CloseableHttpClient.execute(CloseableHttpClient.java:55)
	at org.apache.hc.client5.http.classic.HttpClient.executeOpen(HttpClient.java:183)
	at org.springframework.http.client.HttpComponentsClientHttpRequest.executeInternal(HttpComponentsClientHttpRequest.java:99)
	at org.springframework.http.client.AbstractStreamingClientHttpRequest.executeInternal(AbstractStreamingClientHttpRequest.java:71)
	at org.springframework.http.client.AbstractClientHttpRequest.execute(AbstractClientHttpRequest.java:81)
	at org.springframework.http.client.InterceptingClientHttpRequest$InterceptingRequestExecution.execute(InterceptingClientHttpRequest.java:117)
	at org.springframework.cloud.netflix.eureka.http.RestTemplateTransportClientFactory.lambda$restTemplate$2(RestTemplateTransportClientFactory.java:145)
	at org.springframework.http.client.InterceptingClientHttpRequest$InterceptingRequestExecution.execute(InterceptingClientHttpRequest.java:88)
	at org.springframework.http.client.InterceptingClientHttpRequest.executeInternal(InterceptingClientHttpRequest.java:72)
	at org.springframework.http.client.AbstractBufferingClientHttpRequest.executeInternal(AbstractBufferingClientHttpRequest.java:48)
	at org.springframework.http.client.AbstractClientHttpRequest.execute(AbstractClientHttpRequest.java:81)
	at org.springframework.web.client.RestTemplate.doExecute(RestTemplate.java:900)
	... 21 more

2025-04-28T14:14:59.979+05:30  WARN 5360 --- [currency-service] [DiscoveryClient-InstanceInfoReplicator-%d] [                                                 ] c.n.d.s.t.d.RetryableEurekaHttpClient    : Request execution failed with message: I/O error on POST request for "http://localhost:8761/eureka/apps/CURRENCY-SERVICE": localhost:8761 failed to respond
2025-04-28T14:15:00.002+05:30  INFO 5360 --- [currency-service] [RMI TCP Connection(53)-127.0.0.1] [                                                 ] j.LocalContainerEntityManagerFactoryBean : Closing JPA EntityManagerFactory for persistence unit 'default'
2025-04-28T14:15:00.006+05:30  INFO 5360 --- [currency-service] [DiscoveryClient-InstanceInfoReplicator-%d] [                                                 ] c.n.d.s.t.d.RedirectingEurekaHttpClient  : Request execution error. endpoint=DefaultEndpoint{ serviceUrl='http://localhost:8761/eureka/}, exception=I/O error on POST request for "http://localhost:8761/eureka/apps/CURRENCY-SERVICE": Connect to http://localhost:8761 [localhost/127.0.0.1, localhost/0:0:0:0:0:0:0:1] failed: Connection refused: getsockopt stacktrace=org.springframework.web.client.ResourceAccessException: I/O error on POST request for "http://localhost:8761/eureka/apps/CURRENCY-SERVICE": Connect to http://localhost:8761 [localhost/127.0.0.1, localhost/0:0:0:0:0:0:0:1] failed: Connection refused: getsockopt
	at org.springframework.web.client.RestTemplate.createResourceAccessException(RestTemplate.java:926)
	at org.springframework.web.client.RestTemplate.doExecute(RestTemplate.java:906)
	at org.springframework.web.client.RestTemplate.execute(RestTemplate.java:841)
	at org.springframework.web.client.RestTemplate.exchange(RestTemplate.java:702)
	at org.springframework.cloud.netflix.eureka.http.RestTemplateEurekaHttpClient.register(RestTemplateEurekaHttpClient.java:87)
	at com.netflix.discovery.shared.transport.decorator.EurekaHttpClientDecorator$1.execute(EurekaHttpClientDecorator.java:59)
	at com.netflix.discovery.shared.transport.decorator.RedirectingEurekaHttpClient.executeOnNewServer(RedirectingEurekaHttpClient.java:121)
	at com.netflix.discovery.shared.transport.decorator.RedirectingEurekaHttpClient.execute(RedirectingEurekaHttpClient.java:80)
	at com.netflix.discovery.shared.transport.decorator.EurekaHttpClientDecorator.register(EurekaHttpClientDecorator.java:56)
	at com.netflix.discovery.shared.transport.decorator.EurekaHttpClientDecorator$1.execute(EurekaHttpClientDecorator.java:59)
	at com.netflix.discovery.shared.transport.decorator.RetryableEurekaHttpClient.execute(RetryableEurekaHttpClient.java:120)
	at com.netflix.discovery.shared.transport.decorator.EurekaHttpClientDecorator.register(EurekaHttpClientDecorator.java:56)
	at com.netflix.discovery.shared.transport.decorator.EurekaHttpClientDecorator$1.execute(EurekaHttpClientDecorator.java:59)
	at com.netflix.discovery.shared.transport.decorator.SessionedEurekaHttpClient.execute(SessionedEurekaHttpClient.java:76)
	at com.netflix.discovery.shared.transport.decorator.EurekaHttpClientDecorator.register(EurekaHttpClientDecorator.java:56)
	at com.netflix.discovery.DiscoveryClient.register(DiscoveryClient.java:828)
	at com.netflix.discovery.InstanceInfoReplicator.run(InstanceInfoReplicator.java:125)
	at com.netflix.discovery.InstanceInfoReplicator$2.run(InstanceInfoReplicator.java:105)
	at java.base/java.util.concurrent.Executors$RunnableAdapter.call(Executors.java:572)
	at java.base/java.util.concurrent.FutureTask.run(FutureTask.java:317)
	at java.base/java.util.concurrent.ScheduledThreadPoolExecutor$ScheduledFutureTask.run(ScheduledThreadPoolExecutor.java:304)
	at java.base/java.util.concurrent.ThreadPoolExecutor.runWorker(ThreadPoolExecutor.java:1144)
	at java.base/java.util.concurrent.ThreadPoolExecutor$Worker.run(ThreadPoolExecutor.java:642)
	at java.base/java.lang.Thread.run(Thread.java:1583)
Caused by: org.apache.hc.client5.http.HttpHostConnectException: Connect to http://localhost:8761 [localhost/127.0.0.1, localhost/0:0:0:0:0:0:0:1] failed: Connection refused: getsockopt
	at java.base/sun.nio.ch.Net.pollConnect(Native Method)
	at java.base/sun.nio.ch.Net.pollConnectNow(Net.java:682)
	at java.base/sun.nio.ch.NioSocketImpl.timedFinishConnect(NioSocketImpl.java:542)
	at java.base/sun.nio.ch.NioSocketImpl.connect(NioSocketImpl.java:592)
	at java.base/java.net.SocksSocketImpl.connect(SocksSocketImpl.java:327)
	at java.base/java.net.Socket.connect(Socket.java:751)
	at org.apache.hc.client5.http.impl.io.DefaultHttpClientConnectionOperator.connect(DefaultHttpClientConnectionOperator.java:216)
	at org.apache.hc.client5.http.impl.io.PoolingHttpClientConnectionManager.connect(PoolingHttpClientConnectionManager.java:490)
	at org.apache.hc.client5.http.impl.classic.InternalExecRuntime.connectEndpoint(InternalExecRuntime.java:164)
	at org.apache.hc.client5.http.impl.classic.InternalExecRuntime.connectEndpoint(InternalExecRuntime.java:174)
	at org.apache.hc.client5.http.impl.classic.ConnectExec.execute(ConnectExec.java:144)
	at org.apache.hc.client5.http.impl.classic.ExecChainElement.execute(ExecChainElement.java:51)
	at org.apache.hc.client5.http.impl.classic.ProtocolExec.execute(ProtocolExec.java:192)
	at org.apache.hc.client5.http.impl.classic.ExecChainElement.execute(ExecChainElement.java:51)
	at org.apache.hc.client5.http.impl.classic.ContentCompressionExec.execute(ContentCompressionExec.java:150)
	at org.apache.hc.client5.http.impl.classic.ExecChainElement.execute(ExecChainElement.java:51)
	at org.apache.hc.client5.http.impl.classic.HttpRequestRetryExec.execute(HttpRequestRetryExec.java:113)
	at org.apache.hc.client5.http.impl.classic.ExecChainElement.execute(ExecChainElement.java:51)
	at org.apache.hc.client5.http.impl.classic.RedirectExec.execute(RedirectExec.java:110)
	at org.apache.hc.client5.http.impl.classic.ExecChainElement.execute(ExecChainElement.java:51)
	at org.apache.hc.client5.http.impl.classic.InternalHttpClient.doExecute(InternalHttpClient.java:174)
	at org.apache.hc.client5.http.impl.classic.CloseableHttpClient.execute(CloseableHttpClient.java:87)
	at org.apache.hc.client5.http.impl.classic.CloseableHttpClient.execute(CloseableHttpClient.java:55)
	at org.apache.hc.client5.http.classic.HttpClient.executeOpen(HttpClient.java:183)
	at org.springframework.http.client.HttpComponentsClientHttpRequest.executeInternal(HttpComponentsClientHttpRequest.java:99)
	at org.springframework.http.client.AbstractStreamingClientHttpRequest.executeInternal(AbstractStreamingClientHttpRequest.java:71)
	at org.springframework.http.client.AbstractClientHttpRequest.execute(AbstractClientHttpRequest.java:81)
	at org.springframework.http.client.InterceptingClientHttpRequest$InterceptingRequestExecution.execute(InterceptingClientHttpRequest.java:117)
	at org.springframework.cloud.netflix.eureka.http.RestTemplateTransportClientFactory.lambda$restTemplate$2(RestTemplateTransportClientFactory.java:145)
	at org.springframework.http.client.InterceptingClientHttpRequest$InterceptingRequestExecution.execute(InterceptingClientHttpRequest.java:88)
	at org.springframework.http.client.InterceptingClientHttpRequest.executeInternal(InterceptingClientHttpRequest.java:72)
	at org.springframework.http.client.AbstractBufferingClientHttpRequest.executeInternal(AbstractBufferingClientHttpRequest.java:48)
	at org.springframework.http.client.AbstractClientHttpRequest.execute(AbstractClientHttpRequest.java:81)
	at org.springframework.web.client.RestTemplate.doExecute(RestTemplate.java:900)
	... 22 more

2025-04-28T14:15:00.007+05:30  WARN 5360 --- [currency-service] [DiscoveryClient-InstanceInfoReplicator-%d] [                                                 ] c.n.d.s.t.d.RetryableEurekaHttpClient    : Request execution failed with message: I/O error on POST request for "http://localhost:8761/eureka/apps/CURRENCY-SERVICE": Connect to http://localhost:8761 [localhost/127.0.0.1, localhost/0:0:0:0:0:0:0:1] failed: Connection refused: getsockopt
2025-04-28T14:15:00.007+05:30  WARN 5360 --- [currency-service] [DiscoveryClient-InstanceInfoReplicator-%d] [                                                 ] com.netflix.discovery.DiscoveryClient    : DiscoveryClient_CURRENCY-SERVICE/Gopichand:currency-service:8085 - registration failed Cannot execute request on any known server

com.netflix.discovery.shared.transport.TransportException: Cannot execute request on any known server
	at com.netflix.discovery.shared.transport.decorator.RetryableEurekaHttpClient.execute(RetryableEurekaHttpClient.java:112) ~[eureka-client-2.0.4.jar:2.0.4]
	at com.netflix.discovery.shared.transport.decorator.EurekaHttpClientDecorator.register(EurekaHttpClientDecorator.java:56) ~[eureka-client-2.0.4.jar:2.0.4]
	at com.netflix.discovery.shared.transport.decorator.EurekaHttpClientDecorator$1.execute(EurekaHttpClientDecorator.java:59) ~[eureka-client-2.0.4.jar:2.0.4]
	at com.netflix.discovery.shared.transport.decorator.SessionedEurekaHttpClient.execute(SessionedEurekaHttpClient.java:76) ~[eureka-client-2.0.4.jar:2.0.4]
	at com.netflix.discovery.shared.transport.decorator.EurekaHttpClientDecorator.register(EurekaHttpClientDecorator.java:56) ~[eureka-client-2.0.4.jar:2.0.4]
	at com.netflix.discovery.DiscoveryClient.register(DiscoveryClient.java:828) ~[eureka-client-2.0.4.jar:2.0.4]
	at com.netflix.discovery.InstanceInfoReplicator.run(InstanceInfoReplicator.java:125) ~[eureka-client-2.0.4.jar:2.0.4]
	at com.netflix.discovery.InstanceInfoReplicator$2.run(InstanceInfoReplicator.java:105) ~[eureka-client-2.0.4.jar:2.0.4]
	at java.base/java.util.concurrent.Executors$RunnableAdapter.call(Executors.java:572) ~[na:na]
	at java.base/java.util.concurrent.FutureTask.run(FutureTask.java:317) ~[na:na]
	at java.base/java.util.concurrent.ScheduledThreadPoolExecutor$ScheduledFutureTask.run(ScheduledThreadPoolExecutor.java:304) ~[na:na]
	at java.base/java.util.concurrent.ThreadPoolExecutor.runWorker(ThreadPoolExecutor.java:1144) ~[na:na]
	at java.base/java.util.concurrent.ThreadPoolExecutor$Worker.run(ThreadPoolExecutor.java:642) ~[na:na]
	at java.base/java.lang.Thread.run(Thread.java:1583) ~[na:na]

2025-04-28T14:15:00.009+05:30  WARN 5360 --- [currency-service] [DiscoveryClient-InstanceInfoReplicator-%d] [                                                 ] c.n.discovery.InstanceInfoReplicator     : There was a problem with the instance info replicator

com.netflix.discovery.shared.transport.TransportException: Cannot execute request on any known server
	at com.netflix.discovery.shared.transport.decorator.RetryableEurekaHttpClient.execute(RetryableEurekaHttpClient.java:112) ~[eureka-client-2.0.4.jar:2.0.4]
	at com.netflix.discovery.shared.transport.decorator.EurekaHttpClientDecorator.register(EurekaHttpClientDecorator.java:56) ~[eureka-client-2.0.4.jar:2.0.4]
	at com.netflix.discovery.shared.transport.decorator.EurekaHttpClientDecorator$1.execute(EurekaHttpClientDecorator.java:59) ~[eureka-client-2.0.4.jar:2.0.4]
	at com.netflix.discovery.shared.transport.decorator.SessionedEurekaHttpClient.execute(SessionedEurekaHttpClient.java:76) ~[eureka-client-2.0.4.jar:2.0.4]
	at com.netflix.discovery.shared.transport.decorator.EurekaHttpClientDecorator.register(EurekaHttpClientDecorator.java:56) ~[eureka-client-2.0.4.jar:2.0.4]
	at com.netflix.discovery.DiscoveryClient.register(DiscoveryClient.java:828) ~[eureka-client-2.0.4.jar:2.0.4]
	at com.netflix.discovery.InstanceInfoReplicator.run(InstanceInfoReplicator.java:125) ~[eureka-client-2.0.4.jar:2.0.4]
	at com.netflix.discovery.InstanceInfoReplicator$2.run(InstanceInfoReplicator.java:105) ~[eureka-client-2.0.4.jar:2.0.4]
	at java.base/java.util.concurrent.Executors$RunnableAdapter.call(Executors.java:572) ~[na:na]
	at java.base/java.util.concurrent.FutureTask.run(FutureTask.java:317) ~[na:na]
	at java.base/java.util.concurrent.ScheduledThreadPoolExecutor$ScheduledFutureTask.run(ScheduledThreadPoolExecutor.java:304) ~[na:na]
	at java.base/java.util.concurrent.ThreadPoolExecutor.runWorker(ThreadPoolExecutor.java:1144) ~[na:na]
	at java.base/java.util.concurrent.ThreadPoolExecutor$Worker.run(ThreadPoolExecutor.java:642) ~[na:na]
	at java.base/java.lang.Thread.run(Thread.java:1583) ~[na:na]

2025-04-28T14:15:00.020+05:30  WARN 5360 --- [currency-service] [RMI TCP Connection(53)-127.0.0.1] [                                                 ] o.s.b.f.support.DisposableBeanAdapter    : Invocation of destroy method failed on bean with name 'inMemoryDatabaseShutdownExecutor': org.h2.jdbc.JdbcSQLNonTransientConnectionException: Database is already closed (to disable automatic closing at VM shutdown, add ";DB_CLOSE_ON_EXIT=FALSE" to the db URL) [90121-232]
2025-04-28T14:15:00.021+05:30  INFO 5360 --- [currency-service] [RMI TCP Connection(53)-127.0.0.1] [                                                 ] com.zaxxer.hikari.HikariDataSource       : HikariPool-1 - Shutdown initiated...
2025-04-28T14:15:00.026+05:30  INFO 5360 --- [currency-service] [RMI TCP Connection(53)-127.0.0.1] [                                                 ] com.zaxxer.hikari.HikariDataSource       : HikariPool-1 - Shutdown completed.
2025-04-28T14:15:00.858+05:30  INFO 5360 --- [currency-service] [RMI TCP Connection(53)-127.0.0.1] [                                                 ] com.netflix.discovery.DiscoveryClient    : Shutting down DiscoveryClient ...
2025-04-28T14:15:03.864+05:30  INFO 5360 --- [currency-service] [RMI TCP Connection(53)-127.0.0.1] [                                                 ] com.netflix.discovery.DiscoveryClient    : Unregistering ...
2025-04-28T14:15:03.913+05:30  INFO 5360 --- [currency-service] [RMI TCP Connection(53)-127.0.0.1] [                                                 ] c.n.d.s.t.d.RedirectingEurekaHttpClient  : Request execution error. endpoint=DefaultEndpoint{ serviceUrl='http://localhost:8761/eureka/}, exception=I/O error on DELETE request for "http://localhost:8761/eureka/apps/CURRENCY-SERVICE/Gopichand:currency-service:8085": Connect to http://localhost:8761 [localhost/127.0.0.1, localhost/0:0:0:0:0:0:0:1] failed: Connection refused: getsockopt stacktrace=org.springframework.web.client.ResourceAccessException: I/O error on DELETE request for "http://localhost:8761/eureka/apps/CURRENCY-SERVICE/Gopichand:currency-service:8085": Connect to http://localhost:8761 [localhost/127.0.0.1, localhost/0:0:0:0:0:0:0:1] failed: Connection refused: getsockopt
	at org.springframework.web.client.RestTemplate.createResourceAccessException(RestTemplate.java:926)
	at org.springframework.web.client.RestTemplate.doExecute(RestTemplate.java:906)
	at org.springframework.web.client.RestTemplate.execute(RestTemplate.java:841)
	at org.springframework.web.client.RestTemplate.exchange(RestTemplate.java:702)
	at org.springframework.cloud.netflix.eureka.http.RestTemplateEurekaHttpClient.cancel(RestTemplateEurekaHttpClient.java:100)
	at com.netflix.discovery.shared.transport.decorator.EurekaHttpClientDecorator$2.execute(EurekaHttpClientDecorator.java:74)
	at com.netflix.discovery.shared.transport.decorator.RedirectingEurekaHttpClient.executeOnNewServer(RedirectingEurekaHttpClient.java:121)
	at com.netflix.discovery.shared.transport.decorator.RedirectingEurekaHttpClient.execute(RedirectingEurekaHttpClient.java:80)
	at com.netflix.discovery.shared.transport.decorator.EurekaHttpClientDecorator.cancel(EurekaHttpClientDecorator.java:71)
	at com.netflix.discovery.shared.transport.decorator.EurekaHttpClientDecorator$2.execute(EurekaHttpClientDecorator.java:74)
	at com.netflix.discovery.shared.transport.decorator.RetryableEurekaHttpClient.execute(RetryableEurekaHttpClient.java:120)
	at com.netflix.discovery.shared.transport.decorator.EurekaHttpClientDecorator.cancel(EurekaHttpClientDecorator.java:71)
	at com.netflix.discovery.shared.transport.decorator.EurekaHttpClientDecorator$2.execute(EurekaHttpClientDecorator.java:74)
	at com.netflix.discovery.shared.transport.decorator.SessionedEurekaHttpClient.execute(SessionedEurekaHttpClient.java:76)
	at com.netflix.discovery.shared.transport.decorator.EurekaHttpClientDecorator.cancel(EurekaHttpClientDecorator.java:71)
	at com.netflix.discovery.DiscoveryClient.unregister(DiscoveryClient.java:919)
	at com.netflix.discovery.DiscoveryClient.shutdown(DiscoveryClient.java:900)
	at java.base/jdk.internal.reflect.DirectMethodHandleAccessor.invoke(DirectMethodHandleAccessor.java:103)
	at java.base/java.lang.reflect.Method.invoke(Method.java:580)
	at org.springframework.beans.factory.annotation.InitDestroyAnnotationBeanPostProcessor$LifecycleMethod.invoke(InitDestroyAnnotationBeanPostProcessor.java:457)
	at org.springframework.beans.factory.annotation.InitDestroyAnnotationBeanPostProcessor$LifecycleMetadata.invokeDestroyMethods(InitDestroyAnnotationBeanPostProcessor.java:415)
	at org.springframework.beans.factory.annotation.InitDestroyAnnotationBeanPostProcessor.postProcessBeforeDestruction(InitDestroyAnnotationBeanPostProcessor.java:239)
	at org.springframework.beans.factory.support.DisposableBeanAdapter.destroy(DisposableBeanAdapter.java:202)
	at org.springframework.beans.factory.support.DisposableBeanAdapter.run(DisposableBeanAdapter.java:195)
	at org.springframework.cloud.context.scope.GenericScope$BeanLifecycleWrapper.destroy(GenericScope.java:389)
	at org.springframework.cloud.context.scope.GenericScope.destroy(GenericScope.java:136)
	at org.springframework.beans.factory.support.DisposableBeanAdapter.destroy(DisposableBeanAdapter.java:211)
	at org.springframework.beans.factory.support.DefaultSingletonBeanRegistry.destroyBean(DefaultSingletonBeanRegistry.java:745)
	at org.springframework.beans.factory.support.DefaultSingletonBeanRegistry.destroySingleton(DefaultSingletonBeanRegistry.java:702)
	at org.springframework.beans.factory.support.DefaultListableBeanFactory.destroySingleton(DefaultListableBeanFactory.java:1401)
	at org.springframework.beans.factory.support.DefaultSingletonBeanRegistry.destroySingletons(DefaultSingletonBeanRegistry.java:661)
	at org.springframework.beans.factory.support.DefaultListableBeanFactory.destroySingletons(DefaultListableBeanFactory.java:1394)
	at org.springframework.context.support.AbstractApplicationContext.destroyBeans(AbstractApplicationContext.java:1219)
	at org.springframework.context.support.AbstractApplicationContext.doClose(AbstractApplicationContext.java:1180)
	at org.springframework.boot.web.servlet.context.ServletWebServerApplicationContext.doClose(ServletWebServerApplicationContext.java:179)
	at org.springframework.context.support.AbstractApplicationContext.close(AbstractApplicationContext.java:1126)
	at org.springframework.boot.admin.SpringApplicationAdminMXBeanRegistrar$SpringApplicationAdmin.shutdown(SpringApplicationAdminMXBeanRegistrar.java:160)
	at java.base/jdk.internal.reflect.DirectMethodHandleAccessor.invoke(DirectMethodHandleAccessor.java:103)
	at java.base/java.lang.reflect.Method.invoke(Method.java:580)
	at sun.reflect.misc.Trampoline.invoke(MethodUtil.java:64)
	at java.base/jdk.internal.reflect.DirectMethodHandleAccessor.invoke(DirectMethodHandleAccessor.java:103)
	at java.base/java.lang.reflect.Method.invoke(Method.java:580)
	at java.base/sun.reflect.misc.MethodUtil.invoke(MethodUtil.java:97)
	at java.management/com.sun.jmx.mbeanserver.ConvertingMethod.invokeWithOpenReturn(ConvertingMethod.java:193)
	at java.management/com.sun.jmx.mbeanserver.ConvertingMethod.invokeWithOpenReturn(ConvertingMethod.java:175)
	at java.management/com.sun.jmx.mbeanserver.MXBeanIntrospector.invokeM2(MXBeanIntrospector.java:115)
	at java.management/com.sun.jmx.mbeanserver.MXBeanIntrospector.invokeM2(MXBeanIntrospector.java:52)
	at java.management/com.sun.jmx.mbeanserver.MBeanIntrospector.invokeM(MBeanIntrospector.java:236)
	at java.management/com.sun.jmx.mbeanserver.PerInterface.invoke(PerInterface.java:138)
	at java.management/com.sun.jmx.mbeanserver.MBeanSupport.invoke(MBeanSupport.java:252)
	at java.management/com.sun.jmx.interceptor.DefaultMBeanServerInterceptor.invoke(DefaultMBeanServerInterceptor.java:803)
	at java.management/com.sun.jmx.mbeanserver.JmxMBeanServer.invoke(JmxMBeanServer.java:802)
	at java.management.rmi/javax.management.remote.rmi.RMIConnectionImpl.doOperation(RMIConnectionImpl.java:1472)
	at java.management.rmi/javax.management.remote.rmi.RMIConnectionImpl$PrivilegedOperation.run(RMIConnectionImpl.java:1310)
	at java.management.rmi/javax.management.remote.rmi.RMIConnectionImpl.doPrivilegedOperation(RMIConnectionImpl.java:1405)
	at java.management.rmi/javax.management.remote.rmi.RMIConnectionImpl.invoke(RMIConnectionImpl.java:829)
	at java.base/jdk.internal.reflect.DirectMethodHandleAccessor.invoke(DirectMethodHandleAccessor.java:103)
	at java.base/java.lang.reflect.Method.invoke(Method.java:580)
	at java.rmi/sun.rmi.server.UnicastServerRef.dispatch(UnicastServerRef.java:360)
	at java.rmi/sun.rmi.transport.Transport$1.run(Transport.java:200)
	at java.rmi/sun.rmi.transport.Transport$1.run(Transport.java:197)
	at java.base/java.security.AccessController.doPrivileged(AccessController.java:714)
	at java.rmi/sun.rmi.transport.Transport.serviceCall(Transport.java:196)
	at java.rmi/sun.rmi.transport.tcp.TCPTransport.handleMessages(TCPTransport.java:598)
	at java.rmi/sun.rmi.transport.tcp.TCPTransport$ConnectionHandler.run0(TCPTransport.java:844)
	at java.rmi/sun.rmi.transport.tcp.TCPTransport$ConnectionHandler.lambda$run$0(TCPTransport.java:721)
	at java.base/java.security.AccessController.doPrivileged(AccessController.java:400)
	at java.rmi/sun.rmi.transport.tcp.TCPTransport$ConnectionHandler.run(TCPTransport.java:720)
	at java.base/java.util.concurrent.ThreadPoolExecutor.runWorker(ThreadPoolExecutor.java:1144)
	at java.base/java.util.concurrent.ThreadPoolExecutor$Worker.run(ThreadPoolExecutor.java:642)
	at java.base/java.lang.Thread.run(Thread.java:1583)
Caused by: org.apache.hc.client5.http.HttpHostConnectException: Connect to http://localhost:8761 [localhost/127.0.0.1, localhost/0:0:0:0:0:0:0:1] failed: Connection refused: getsockopt
	at java.base/sun.nio.ch.Net.pollConnect(Native Method)
	at java.base/sun.nio.ch.Net.pollConnectNow(Net.java:682)
	at java.base/sun.nio.ch.NioSocketImpl.timedFinishConnect(NioSocketImpl.java:542)
	at java.base/sun.nio.ch.NioSocketImpl.connect(NioSocketImpl.java:592)
	at java.base/java.net.SocksSocketImpl.connect(SocksSocketImpl.java:327)
	at java.base/java.net.Socket.connect(Socket.java:751)
	at org.apache.hc.client5.http.impl.io.DefaultHttpClientConnectionOperator.connect(DefaultHttpClientConnectionOperator.java:216)
	at org.apache.hc.client5.http.impl.io.PoolingHttpClientConnectionManager.connect(PoolingHttpClientConnectionManager.java:490)
	at org.apache.hc.client5.http.impl.classic.InternalExecRuntime.connectEndpoint(InternalExecRuntime.java:164)
	at org.apache.hc.client5.http.impl.classic.InternalExecRuntime.connectEndpoint(InternalExecRuntime.java:174)
	at org.apache.hc.client5.http.impl.classic.ConnectExec.execute(ConnectExec.java:144)
	at org.apache.hc.client5.http.impl.classic.ExecChainElement.execute(ExecChainElement.java:51)
	at org.apache.hc.client5.http.impl.classic.ProtocolExec.execute(ProtocolExec.java:192)
	at org.apache.hc.client5.http.impl.classic.ExecChainElement.execute(ExecChainElement.java:51)
	at org.apache.hc.client5.http.impl.classic.ContentCompressionExec.execute(ContentCompressionExec.java:150)
	at org.apache.hc.client5.http.impl.classic.ExecChainElement.execute(ExecChainElement.java:51)
	at org.apache.hc.client5.http.impl.classic.HttpRequestRetryExec.execute(HttpRequestRetryExec.java:113)
	at org.apache.hc.client5.http.impl.classic.ExecChainElement.execute(ExecChainElement.java:51)
	at org.apache.hc.client5.http.impl.classic.RedirectExec.execute(RedirectExec.java:110)
	at org.apache.hc.client5.http.impl.classic.ExecChainElement.execute(ExecChainElement.java:51)
	at org.apache.hc.client5.http.impl.classic.InternalHttpClient.doExecute(InternalHttpClient.java:174)
	at org.apache.hc.client5.http.impl.classic.CloseableHttpClient.execute(CloseableHttpClient.java:87)
	at org.apache.hc.client5.http.impl.classic.CloseableHttpClient.execute(CloseableHttpClient.java:55)
	at org.apache.hc.client5.http.classic.HttpClient.executeOpen(HttpClient.java:183)
	at org.springframework.http.client.HttpComponentsClientHttpRequest.executeInternal(HttpComponentsClientHttpRequest.java:99)
	at org.springframework.http.client.AbstractStreamingClientHttpRequest.executeInternal(AbstractStreamingClientHttpRequest.java:71)
	at org.springframework.http.client.AbstractClientHttpRequest.execute(AbstractClientHttpRequest.java:81)
	at org.springframework.http.client.InterceptingClientHttpRequest$InterceptingRequestExecution.execute(InterceptingClientHttpRequest.java:117)
	at org.springframework.cloud.netflix.eureka.http.RestTemplateTransportClientFactory.lambda$restTemplate$2(RestTemplateTransportClientFactory.java:145)
	at org.springframework.http.client.InterceptingClientHttpRequest$InterceptingRequestExecution.execute(InterceptingClientHttpRequest.java:88)
	at org.springframework.http.client.InterceptingClientHttpRequest.executeInternal(InterceptingClientHttpRequest.java:72)
	at org.springframework.http.client.AbstractBufferingClientHttpRequest.executeInternal(AbstractBufferingClientHttpRequest.java:48)
	at org.springframework.http.client.AbstractClientHttpRequest.execute(AbstractClientHttpRequest.java:81)
	at org.springframework.web.client.RestTemplate.doExecute(RestTemplate.java:900)
	... 69 more

2025-04-28T14:15:03.913+05:30  WARN 5360 --- [currency-service] [RMI TCP Connection(53)-127.0.0.1] [                                                 ] c.n.d.s.t.d.RetryableEurekaHttpClient    : Request execution failed with message: I/O error on DELETE request for "http://localhost:8761/eureka/apps/CURRENCY-SERVICE/Gopichand:currency-service:8085": Connect to http://localhost:8761 [localhost/127.0.0.1, localhost/0:0:0:0:0:0:0:1] failed: Connection refused: getsockopt
2025-04-28T14:15:03.914+05:30 ERROR 5360 --- [currency-service] [RMI TCP Connection(53)-127.0.0.1] [                                                 ] com.netflix.discovery.DiscoveryClient    : DiscoveryClient_CURRENCY-SERVICE/Gopichand:currency-service:8085 - de-registration failedCannot execute request on any known server

com.netflix.discovery.shared.transport.TransportException: Cannot execute request on any known server
	at com.netflix.discovery.shared.transport.decorator.RetryableEurekaHttpClient.execute(RetryableEurekaHttpClient.java:112) ~[eureka-client-2.0.4.jar:2.0.4]
	at com.netflix.discovery.shared.transport.decorator.EurekaHttpClientDecorator.cancel(EurekaHttpClientDecorator.java:71) ~[eureka-client-2.0.4.jar:2.0.4]
	at com.netflix.discovery.shared.transport.decorator.EurekaHttpClientDecorator$2.execute(EurekaHttpClientDecorator.java:74) ~[eureka-client-2.0.4.jar:2.0.4]
	at com.netflix.discovery.shared.transport.decorator.SessionedEurekaHttpClient.execute(SessionedEurekaHttpClient.java:76) ~[eureka-client-2.0.4.jar:2.0.4]
	at com.netflix.discovery.shared.transport.decorator.EurekaHttpClientDecorator.cancel(EurekaHttpClientDecorator.java:71) ~[eureka-client-2.0.4.jar:2.0.4]
	at com.netflix.discovery.DiscoveryClient.unregister(DiscoveryClient.java:919) ~[eureka-client-2.0.4.jar:2.0.4]
	at com.netflix.discovery.DiscoveryClient.shutdown(DiscoveryClient.java:900) ~[eureka-client-2.0.4.jar:2.0.4]
	at java.base/jdk.internal.reflect.DirectMethodHandleAccessor.invoke(DirectMethodHandleAccessor.java:103) ~[na:na]
	at java.base/java.lang.reflect.Method.invoke(Method.java:580) ~[na:na]
	at org.springframework.beans.factory.annotation.InitDestroyAnnotationBeanPostProcessor$LifecycleMethod.invoke(InitDestroyAnnotationBeanPostProcessor.java:457) ~[spring-beans-6.2.5.jar:6.2.5]
	at org.springframework.beans.factory.annotation.InitDestroyAnnotationBeanPostProcessor$LifecycleMetadata.invokeDestroyMethods(InitDestroyAnnotationBeanPostProcessor.java:415) ~[spring-beans-6.2.5.jar:6.2.5]
	at org.springframework.beans.factory.annotation.InitDestroyAnnotationBeanPostProcessor.postProcessBeforeDestruction(InitDestroyAnnotationBeanPostProcessor.java:239) ~[spring-beans-6.2.5.jar:6.2.5]
	at org.springframework.beans.factory.support.DisposableBeanAdapter.destroy(DisposableBeanAdapter.java:202) ~[spring-beans-6.2.5.jar:6.2.5]
	at org.springframework.beans.factory.support.DisposableBeanAdapter.run(DisposableBeanAdapter.java:195) ~[spring-beans-6.2.5.jar:6.2.5]
	at org.springframework.cloud.context.scope.GenericScope$BeanLifecycleWrapper.destroy(GenericScope.java:389) ~[spring-cloud-context-4.2.1.jar:4.2.1]
	at org.springframework.cloud.context.scope.GenericScope.destroy(GenericScope.java:136) ~[spring-cloud-context-4.2.1.jar:4.2.1]
	at org.springframework.beans.factory.support.DisposableBeanAdapter.destroy(DisposableBeanAdapter.java:211) ~[spring-beans-6.2.5.jar:6.2.5]
	at org.springframework.beans.factory.support.DefaultSingletonBeanRegistry.destroyBean(DefaultSingletonBeanRegistry.java:745) ~[spring-beans-6.2.5.jar:6.2.5]
	at org.springframework.beans.factory.support.DefaultSingletonBeanRegistry.destroySingleton(DefaultSingletonBeanRegistry.java:702) ~[spring-beans-6.2.5.jar:6.2.5]
	at org.springframework.beans.factory.support.DefaultListableBeanFactory.destroySingleton(DefaultListableBeanFactory.java:1401) ~[spring-beans-6.2.5.jar:6.2.5]
	at org.springframework.beans.factory.support.DefaultSingletonBeanRegistry.destroySingletons(DefaultSingletonBeanRegistry.java:661) ~[spring-beans-6.2.5.jar:6.2.5]
	at org.springframework.beans.factory.support.DefaultListableBeanFactory.destroySingletons(DefaultListableBeanFactory.java:1394) ~[spring-beans-6.2.5.jar:6.2.5]
	at org.springframework.context.support.AbstractApplicationContext.destroyBeans(AbstractApplicationContext.java:1219) ~[spring-context-6.2.5.jar:6.2.5]
	at org.springframework.context.support.AbstractApplicationContext.doClose(AbstractApplicationContext.java:1180) ~[spring-context-6.2.5.jar:6.2.5]
	at org.springframework.boot.web.servlet.context.ServletWebServerApplicationContext.doClose(ServletWebServerApplicationContext.java:179) ~[spring-boot-3.4.4.jar:3.4.4]
	at org.springframework.context.support.AbstractApplicationContext.close(AbstractApplicationContext.java:1126) ~[spring-context-6.2.5.jar:6.2.5]
	at org.springframework.boot.admin.SpringApplicationAdminMXBeanRegistrar$SpringApplicationAdmin.shutdown(SpringApplicationAdminMXBeanRegistrar.java:160) ~[spring-boot-3.4.4.jar:3.4.4]
	at java.base/jdk.internal.reflect.DirectMethodHandleAccessor.invoke(DirectMethodHandleAccessor.java:103) ~[na:na]
	at java.base/java.lang.reflect.Method.invoke(Method.java:580) ~[na:na]
	at sun.reflect.misc.Trampoline.invoke(MethodUtil.java:64) ~[na:na]
	at java.base/jdk.internal.reflect.DirectMethodHandleAccessor.invoke(DirectMethodHandleAccessor.java:103) ~[na:na]
	at java.base/java.lang.reflect.Method.invoke(Method.java:580) ~[na:na]
	at java.base/sun.reflect.misc.MethodUtil.invoke(MethodUtil.java:97) ~[na:na]
	at java.management/com.sun.jmx.mbeanserver.ConvertingMethod.invokeWithOpenReturn(ConvertingMethod.java:193) ~[na:na]
	at java.management/com.sun.jmx.mbeanserver.ConvertingMethod.invokeWithOpenReturn(ConvertingMethod.java:175) ~[na:na]
	at java.management/com.sun.jmx.mbeanserver.MXBeanIntrospector.invokeM2(MXBeanIntrospector.java:115) ~[na:na]
	at java.management/com.sun.jmx.mbeanserver.MXBeanIntrospector.invokeM2(MXBeanIntrospector.java:52) ~[na:na]
	at java.management/com.sun.jmx.mbeanserver.MBeanIntrospector.invokeM(MBeanIntrospector.java:236) ~[na:na]
	at java.management/com.sun.jmx.mbeanserver.PerInterface.invoke(PerInterface.java:138) ~[na:na]
	at java.management/com.sun.jmx.mbeanserver.MBeanSupport.invoke(MBeanSupport.java:252) ~[na:na]
	at java.management/com.sun.jmx.interceptor.DefaultMBeanServerInterceptor.invoke(DefaultMBeanServerInterceptor.java:803) ~[na:na]
	at java.management/com.sun.jmx.mbeanserver.JmxMBeanServer.invoke(JmxMBeanServer.java:802) ~[na:na]
	at java.management.rmi/javax.management.remote.rmi.RMIConnectionImpl.doOperation(RMIConnectionImpl.java:1472) ~[na:na]
	at java.management.rmi/javax.management.remote.rmi.RMIConnectionImpl$PrivilegedOperation.run(RMIConnectionImpl.java:1310) ~[na:na]
	at java.management.rmi/javax.management.remote.rmi.RMIConnectionImpl.doPrivilegedOperation(RMIConnectionImpl.java:1405) ~[na:na]
	at java.management.rmi/javax.management.remote.rmi.RMIConnectionImpl.invoke(RMIConnectionImpl.java:829) ~[na:na]
	at java.base/jdk.internal.reflect.DirectMethodHandleAccessor.invoke(DirectMethodHandleAccessor.java:103) ~[na:na]
	at java.base/java.lang.reflect.Method.invoke(Method.java:580) ~[na:na]
	at java.rmi/sun.rmi.server.UnicastServerRef.dispatch(UnicastServerRef.java:360) ~[na:na]
	at java.rmi/sun.rmi.transport.Transport$1.run(Transport.java:200) ~[na:na]
	at java.rmi/sun.rmi.transport.Transport$1.run(Transport.java:197) ~[na:na]
	at java.base/java.security.AccessController.doPrivileged(AccessController.java:714) ~[na:na]
	at java.rmi/sun.rmi.transport.Transport.serviceCall(Transport.java:196) ~[na:na]
	at java.rmi/sun.rmi.transport.tcp.TCPTransport.handleMessages(TCPTransport.java:598) ~[na:na]
	at java.rmi/sun.rmi.transport.tcp.TCPTransport$ConnectionHandler.run0(TCPTransport.java:844) ~[na:na]
	at java.rmi/sun.rmi.transport.tcp.TCPTransport$ConnectionHandler.lambda$run$0(TCPTransport.java:721) ~[na:na]
	at java.base/java.security.AccessController.doPrivileged(AccessController.java:400) ~[na:na]
	at java.rmi/sun.rmi.transport.tcp.TCPTransport$ConnectionHandler.run(TCPTransport.java:720) ~[na:na]
	at java.base/java.util.concurrent.ThreadPoolExecutor.runWorker(ThreadPoolExecutor.java:1144) ~[na:na]
	at java.base/java.util.concurrent.ThreadPoolExecutor$Worker.run(ThreadPoolExecutor.java:642) ~[na:na]
	at java.base/java.lang.Thread.run(Thread.java:1583) ~[na:na]

2025-04-28T14:15:03.916+05:30  INFO 5360 --- [currency-service] [RMI TCP Connection(53)-127.0.0.1] [                                                 ] com.netflix.discovery.DiscoveryClient    : Completed shut down of DiscoveryClient
